entity_id,sku,libelle,result,sd_code_check,sd_code_sogge,sd_marque,sd_industriel,vendor_prefix,vendor_name
70935,c10-1200053885,TEMP VODKA ABSOLUT 40° 70CL X6 ED. LIM.,TEMP VODKA ABSOLUT 40° 6X70CL,1sogge-1,87sogge-7,ABSOLUT,RICARD,c10,C10
70936,c10-1200017576,VODKA ABSOLUT 4.5L,VODKA ABSOLUT 1X4.5L,1sogge-2,,ABSOLUT,RICARD,c10,C10
70937,c10-1200001473,VODKA ABSOLUT 40° 1.5L,VODKA ABSOLUT 40° 1X1.5L,1sogge-3,84sogge-1667,ABSOLUT,RICARD,c10,C10
70938,c10-1200056693,VODKA ABSOLUT 40° 1L,VODKA ABSOLUT 40° 1X1L,1sogge-4,,ABSOLUT,RICARD,c10,C10
70939,c10-1200001472,VODKA ABSOLUT 40° 35CL,VODKA ABSOLUT 40° 1X35CL,1sogge-5,,ABSOLUT,RICARD,c10,C10
70940,c10-1200001478,VODKA ABSOLUT 40° 5CL X120,VODKA ABSOLUT 40° 120X1.5L,1sogge-6,84sogge-541,ABSOLUT,RICARD,c10,C10
70941,c10-1200001479,VODKA ABSOLUT 40° 70CL,VODKA ABSOLUT 40° 1X70CL,1sogge-7,,ABSOLUT,RICARD,c10,C10
70942,c10-1200040047,VODKA ABSOLUT 50CL,VODKA ABSOLUT 1X50CL,1sogge-8,,ABSOLUT,RICARD,c10,C10
70943,c10-1200030639,VODKA ABSOLUT APEACH 40° 1L,VODKA ABSOLUT APEACH 40° 1X1L,1sogge-9,,ABSOLUT,RICARD,c10,C10
70944,c10-1200006590,VODKA ABSOLUT APEACH 40° 70CL,VODKA ABSOLUT APEACH 40° 1X70CL,1sogge-10,,ABSOLUT,RICARD,c10,C10
70945,c10-1200010769,VODKA ABSOLUT BERRI ACAI 40° 1L,VODKA ABSOLUT BERRI 40° 1X1L,1sogge-11,,ABSOLUT,RICARD,c10,C10
84478,fb-11212,VODKA ABSOLUT BLUE (SUEDE) 40°      70CL,VODKA ABSOLUT BLUE (SUEDE) 40° 1X70CL,1sogge-12,84sogge-467,ABSOLUT,RICARD,fb,FRANCE BOISSONS
84578,fb-11392,VODKA ABSOLUT BLUE (SUEDE) 40°  MIGN 5CL,VODKA ABSOLUT BLUE (SUEDE) 40° 1X5CL,1sogge-13,84sogge-541,ABSOLUT,RICARD,fb,FRANCE BOISSONS
83178,mp-150810,VODKA ABSOLUT BLUE 100 CL40°,VODKA ABSOLUT BLUE 40° 120X1L,1sogge-14,,ABSOLUT,RICARD,mp,DISTRIBOISSONS
70946,c10-1200033703,VODKA ABSOLUT CASSIS 40° 1L,VODKA ABSOLUT CASSIS 40° 1X1L,1sogge-15,,ABSOLUT,RICARD,c10,C10
70947,c10-1200005860,VODKA ABSOLUT CITRON 40° 70CL,VODKA ABSOLUT CITRON 40° 1X70CL,1sogge-16,84sogge-1590,ABSOLUT,RICARD,c10,C10
70948,c10-1200007399,VODKA ABSOLUT DARK 100 70CL,VODKA ABSOLUT DARK 120X70CL,1sogge-17,,ABSOLUT,RICARD,c10,C10
84479,fb-110232,VODKA ABSOLUT EDI LIMITEE      40° 70 CL,VODKA ABSOLUT EDITION LIMITEE 40° 1X70CL,1sogge-18,87sogge-7,ABSOLUT,RICARD,fb,FRANCE BOISSONS
70949,c10-1200044405,VODKA ABSOLUT ELYX 42.3° 1.5L,VODKA ABSOLUT ELYX 42.3° 1X1.5L,1sogge-19,,ABSOLUT,RICARD,c10,C10
70950,c10-1200047311,VODKA ABSOLUT ELYX 42.3° 1.75L,VODKA ABSOLUT ELYX 42.3° 1X1.75L,1sogge-20,,ABSOLUT,RICARD,c10,C10
70951,c10-1200044403,VODKA ABSOLUT ELYX 42.3° 3L,VODKA ABSOLUT ELYX 42.3° 1X3L,1sogge-21,,ABSOLUT,RICARD,c10,C10
70952,c10-1200049917,VODKA ABSOLUT ELYX 42.3° 4.5L,VODKA ABSOLUT ELYX 42.3° 1X4.5L,1sogge-22,,ABSOLUT,RICARD,c10,C10
70953,c10-1200038738,VODKA ABSOLUT ELYX 42.3° 70CL,VODKA ABSOLUT ELYX 42.3° 1X70CL,1sogge-23,84sogge-5,ABSOLUT,RICARD,c10,C10
84480,fb-109632,VODKA ABSOLUT ELYX 42°3 (6)         70CL,VODKA ABSOLUT ELYX 42.3° 6X70CL,1sogge-24,84sogge-5,ABSOLUT,RICARD,fb,FRANCE BOISSONS
84313,fb-109634,VODKA ABSOLUT ELYX 42°3 (6)       175 CL,VODKA ABSOLUT ELYX 42.3° 6X1.75L,1sogge-25,,ABSOLUT,RICARD,fb,FRANCE BOISSONS
70954,c10-1200031598,VODKA ABSOLUT FRAMBOISE 40° 1L,VODKA ABSOLUT FRAMBOISE 40° 1X1L,1sogge-26,,ABSOLUT,RICARD,c10,C10
70955,c10-1200005863,VODKA ABSOLUT KURANT 40° 70CL,VODKA ABSOLUT KURANT 40° 1X70CL,1sogge-27,,ABSOLUT,RICARD,c10,C10
84481,fb-112466,VODKA ABSOLUT LIME 40°              70CL,VODKA ABSOLUT LIME 40° 1X70CL,1sogge-28,84sogge-346,ABSOLUT,RICARD,fb,FRANCE BOISSONS
70956,c10-1200052771,VODKA ABSOLUT LIME 40° 70CL,VODKA ABSOLUT LIME 40° 1X70CL,1sogge-28,84sogge-346,ABSOLUT,RICARD,c10,C10
70957,c10-1200025915,VODKA ABSOLUT MANDARINE 40° 1L,VODKA ABSOLUT MANDARINE 40° 1X1L,1sogge-29,,ABSOLUT,RICARD,c10,C10
70958,c10-1200005861,VODKA ABSOLUT MANDARINE 40° 70CL,VODKA ABSOLUT MANDARINE 40° 1X70CL,1sogge-30,,ABSOLUT,RICARD,c10,C10
70959,c10-1200006591,VODKA ABSOLUT MANGO 40° 70CL,VODKA ABSOLUT MANGO 40° 1X70CL,1sogge-31,,ABSOLUT,RICARD,c10,C10
84314,fb-111362,VODKA ABSOLUT NIGHT               175 CL,VODKA ABSOLUT NIGHT 175CL,1sogge-32,,ABSOLUT,RICARD,fb,FRANCE BOISSONS
70960,c10-1200042993,VODKA ABSOLUT NIGHT 40° 1.75L,VODKA ABSOLUT NIGHT 40° 1X1.75L,1sogge-33,,ABSOLUT,RICARD,c10,C10
70961,c10-1200006592,VODKA ABSOLUT PEARS 40° 70CL,VODKA ABSOLUT PEARS 40° 1X70CL,1sogge-34,,ABSOLUT,RICARD,c10,C10
70962,c10-1200005862,VODKA ABSOLUT PEPPAR 40° 70CL,VODKA ABSOLUT PEPPAR 40° 1X70CL,1sogge-35,,ABSOLUT,RICARD,c10,C10
70963,c10-1200013536,VODKA ABSOLUT PEPPAR 50CL,VODKA ABSOLUT PEPPAR 1X50CL,1sogge-36,,ABSOLUT,RICARD,c10,C10
70964,c10-1200010771,VODKA ABSOLUT PREMIUM LEVEL 40° 70CL,VODKA ABSOLUT PREMIUM LEVEL 40° 1X70CL,1sogge-37,,ABSOLUT,RICARD,c10,C10
70965,c10-1200006746,VODKA ABSOLUT RASPBERRI 40° 70CL X6,VODKA ABSOLUT RASPBERRI 40° 1X70CL,1sogge-38,86sogge-361,ABSOLUT,RICARD,c10,C10
70966,c10-1200044239,VODKA ABSOLUT RUBY RED I 40° 70CL X6,VODKA ABSOLUT RUBY RED 40° 6X70CL,1sogge-39,,ABSOLUT,RICARD,c10,C10
83116,mp-246,VODKA ABSOLUT VANILIA 70CL40°,VODKA ABSOLUT VANILIA 40° 1X70CL,1sogge-40,,ABSOLUT,RICARD,mp,DISTRIBOISSONS
70967,c10-1200006741,VODKA ABSOLUT VANILLA 40° 70CL,VODKA ABSOLUT VANILLA 40° 1X70CL,1sogge-41,,ABSOLUT,RICARD,c10,C10
84482,fb-62785,VODKA ABSOLUT VANILLE 40°           70CL,VODKA ABSOLUT VANILLE 40° 1X70CL,1sogge-42,,ABSOLUT,RICARD,fb,FRANCE BOISSONS
70968,c10-1200043432,VODKA ABSOLUT WILD TEA 40° 70CL,VODKA ABSOLUT WILD TEA 40° 1X70CL,1sogge-43,,ABSOLUT,RICARD,c10,C10
70969,c10-1200011988,VODKA ALTAI 40° 70CL,VODKA ALTAI 40° 1X70CL,1sogge-44,,ALTAI,RICARD,c10,C10
70970,c10-1200045222,COGNAC AUGIER OCEANIQUE 40° 70CL,COGNAC AUGIER OCEANIQUE 40° 1X70CL,1sogge-45,,AUGIER,RICARD,c10,C10
70971,c10-1200045223,COGNAC AUGIER SAUVAGE 40° 70CL,COGNAC AUGIER SAUVAGE 40° 1X70CL,1sogge-46,,AUGIER,RICARD,c10,C10
70972,c10-1200045224,COGNAC AUGIER SINGULIER 41.7° 70CL,COGNAC AUGIER SINGULIER 41.7° 1X70CL,1sogge-47,,AUGIER,RICARD,c10,C10
82837,mp-260334,COGNAC AUGIER VS 40° 70CL,COGNAC AUGIER 40° 1X70CL,1sogge-48,84sogge-440,AUGIER,RICARD,mp,DISTRIBOISSONS
70973,c10-1200008516,COGNAC AUGIER VS 40° 70CL,COGNAC AUGIER 40° 1X70CL,1sogge-48,84sogge-440,AUGIER,RICARD,c10,C10
84366,fb-97007,COGNAC VS AUGIER  40°               70CL,COGNAC VSOP 40° 1X70CL,1sogge-49,84sogge-440,AUGIER,RICARD,fb,FRANCE BOISSONS
84467,fb-109638,TEQUILA AVION ANEJO 40°            70CL,TEQUILA AVION ANEJO 40° 1X70CL,1sogge-50,84sogge-589,AVION,RICARD,fb,FRANCE BOISSONS
70974,c10-1200029202,TEQUILA AVION ANEJO 70CL,TEQUILA AVION ANEJO 1X70CL,1sogge-51,84sogge-589,AVION,RICARD,c10,C10
70975,c10-1200029200,TEQUILA AVION REPOSADO 70CL,TEQUILA AVION REPOSADO 1X70CL,1sogge-52,,AVION,RICARD,c10,C10
70976,c10-1200029201,TEQUILA AVION SILVER 70CL,TEQUILA AVION SILVER 1X70CL,1sogge-53,,AVION,RICARD,c10,C10
82838,mp-952,CALVADOS BEAUJOUR 100 CL 40°,CALVADOS BEAUJOUR 40° 120X1L,1sogge-54,,BEAUJOUR,RICARD,mp,DISTRIBOISSONS
86346,fb-14281,CALVADOS BEAUJOUR 40° (6)          100CL,CALVADOS BEAUJOUR 40° 6X1L,1sogge-55,,BEAUJOUR,RICARD,fb,FRANCE BOISSONS
70977,c10-1200001437,CALVADOS BEAUJOUR 40° 1L,CALVADOS BEAUJOUR 40° 1X1L,1sogge-56,,BEAUJOUR,RICARD,c10,C10
70978,c10-1200026975,BECHEROVKA 38° 70CL,BECHEROVKA 38° 1X70CL,1sogge-57,,BECHEROVKA,RICARD,c10,C10
84382,fb-109640,GIN BEEFEATER 24  45°               70CL,GIN BEEFEATER 45° 24X70CL,1sogge-58,84sogge-63,BEEFEATER,RICARD,fb,FRANCE BOISSONS
70979,c10-1200021573,GIN BEEFEATER 24 45° 70CL,GIN BEEFEATER 45° 24X70CL,1sogge-58,84sogge-63,BEEFEATER,RICARD,c10,C10
70980,c10-1200001475,GIN BEEFEATER 40° 1.5L,GIN BEEFEATER 40° 1X1.5L,1sogge-59,,BEEFEATER,RICARD,c10,C10
70981,c10-1200019673,GIN BEEFEATER 40° 2L,GIN BEEFEATER 40° 24X2L,1sogge-60,,BEEFEATER,RICARD,c10,C10
70982,c10-1200008244,GIN BEEFEATER 40° 35CL,GIN BEEFEATER 40° 1X35CL,1sogge-61,,BEEFEATER,RICARD,c10,C10
70983,c10-1200001471,GIN BEEFEATER 40° 4.5L,GIN BEEFEATER 40° 1X4.5L,1sogge-62,,BEEFEATER,RICARD,c10,C10
70984,c10-1200037364,GIN BEEFEATER 40° 5CL,GIN BEEFEATER 40° 1X5CL,1sogge-63,,BEEFEATER,RICARD,c10,C10
70985,c10-1200001476,GIN BEEFEATER 40° 70CL,GIN BEEFEATER 40° 1X70CL,1sogge-64,84sogge-539,BEEFEATER,RICARD,c10,C10
83118,mp-1166,GIN BEEFEATER 70  CL 40°,GIN BEEFEATER 40° 1X70CL,1sogge-64,84sogge-539,BEEFEATER,RICARD,mp,DISTRIBOISSONS
70986,c10-1200051097,GIN BEEFEATER BURROUGH'S RES 70CL,GIN BEEFEATER BURROUGH'S RESERVE 1X70CL,1sogge-65,,BEEFEATER,RICARD,c10,C10
84383,fb-11385,GIN BEEFEATER DRY 40°               70CL,GIN BEEFEATER DRY 40° 1X70CL,1sogge-66,84sogge-539,BEEFEATER,RICARD,fb,FRANCE BOISSONS
70987,c10-1200052064,VERRES PISCINE BEEFEATER X6,VERRES PISCINE BEEFEATER 6X6CL,1sogge-67,,BEEFEATER,RICARD,c10,C10
70988,c10-1200025267,WH SCO BENRIACH 10A 70CL,WHISKY BEARH 10ANS 1X70CL,1sogge-68,,BENRIACH,RICARD,c10,C10
70989,c10-1200026487,WH SCO BENRIACH 16A 70CL,WHISKY BEACH 16ANS 1X70CL,1sogge-69,,BENRIACH,RICARD,c10,C10
70990,c10-1200023231,WH SCO BENRIACH ARUMATICUS 12A 70CL,WHISKY BEQUR BACH ARUMATICUS 12ANS 1X70CL,1sogge-70,,BENRIACH,RICARD,c10,C10
70991,c10-1200001440,COGNAC BISQUIT 40° 3CL X12,COGNAC BISQUIT 40° 12X1L,1sogge-71,,BISQUIT,RICARD,c10,C10
82826,mp-961,COGNAC BISQUIT 70 CL 40°,COGNAC BISQUIT 40° 1X70CL,1sogge-72,,BISQUIT,RICARD,mp,DISTRIBOISSONS
70992,c10-1200001441,COGNAC BISQUIT CLASSIQUE 40° 70CL,COGNAC BISQUIT CLASSIQUE 40° 1X70CL,1sogge-73,,BISQUIT,RICARD,c10,C10
70993,c10-1200045344,COGNAC BISQUIT LEGEND 40° 70CL,COGNAC BISQUIT LEGEND 40° 1X70CL,1sogge-74,,BISQUIT,RICARD,c10,C10
70994,c10-1200024611,COGNAC BISQUIT NAPOLEON 40° 1.5L,COGNAC BISQUIT NAPOLEON 40° 1X1.5L,1sogge-75,,BISQUIT,RICARD,c10,C10
70995,c10-1200044561,COGNAC BISQUIT NAPOLEON 40° 70CL,COGNAC BISQUIT NAPOLEON 40° 1X70CL,1sogge-76,,BISQUIT,RICARD,c10,C10
70996,c10-1200013058,COGNAC BISQUIT VS 40° 70CL,COGNAC BISQUIT VSOP 40° 1X70CL,1sogge-77,,BISQUIT,RICARD,c10,C10
70997,c10-1200001988,COGNAC BISQUIT VSOP 40° 70CL,COGNAC BISQUIT VSOP 40° 1X70CL,1sogge-77,84sogge-1660,BISQUIT,RICARD,c10,C10
70998,c10-1200001439,COGNAC BISQUIT XO 40° 70CL,COGNAC BISQUIT XXX 40° 1X70CL,1sogge-78,,BISQUIT,RICARD,c10,C10
70999,c10-1200040111,COGNAC BISQUIT XXX 70CL,COGNAC BISQUIT XXX 1X70CL,1sogge-79,,BISQUIT,RICARD,c10,C10
71000,c10-1200052079,WH SCO BLACK MOUNTAIN BLEND 40° 70CL,WHISKY BLAND BOUNTAIN BLEND 40° 1X70CL,1sogge-80,,BLACK MOUNTAIN,RICARD,c10,C10
71001,c10-1200050576,WH SCO BLACK MOUNTAIN NOTES FUMEES 70CL,WHISKY BLACH BOUNTAIN NOTES FUMEES 1X70CL,1sogge-81,,BLACK MOUNTAIN,RICARD,c10,C10
71002,c10-1200019661,BUSNEL CREME CALVADOS 17° 70CL,CALVADOS BUSNEL 17° 1X70CL,1sogge-82,,BUSNEL,RICARD,c10,C10
71003,c10-1200027625,CALVADOS BUSNEL 49° 70CL,CALVADOS BUSNEL 49° 1X70CL,1sogge-83,,BUSNEL,RICARD,c10,C10
71004,c10-1200020563,CALVADOS BUSNEL HORS AGE 50CL,CALVADOS BUSNEL HORS AGE 1X50CL,1sogge-84,,BUSNEL,RICARD,c10,C10
71005,c10-1200050938,CALVADOS BUSNEL HORS AGE 70CL,CALVADOS BUSNEL HORS AGE 1X70CL,1sogge-85,,BUSNEL,RICARD,c10,C10
71006,c10-1200007209,CALVADOS BUSNEL VS 40° 3CL,CALVADOS BUSNEL VSOP 40° 1X3CL,1sogge-86,,BUSNEL,RICARD,c10,C10
71007,c10-1200002790,CALVADOS BUSNEL VSOP 40° 70CL,CALVADOS BUSNEL VSOP 40° 1X70CL,1sogge-87,84sogge-1606,BUSNEL,RICARD,c10,C10
71008,c10-1200001653,POMMEAU BUSNEL 17° 37.5CL,POMMEAU BUSNEL 17° 1X35CL,1sogge-88,,BUSNEL,RICARD,c10,C10
71009,c10-1200031716,EDV CANTAGAS MARC 1L,EDV CANTAGAS MARC 1X1L,1sogge-89,,CANTAGAS,RICARD,c10,C10
83011,mp-1089,CHIVAS REGAL 12 ANS 70 CL 40°,CHIVAS REGAL 40° 12X70CL,1sogge-90,84sogge-124,CHIVAS REGAL,RICARD,mp,DISTRIBOISSONS
82998,mp-4130,CHIVAS REGAL 18 ANS 70 CL 40°,CHIVAS REGAL 40° 18ANS 1X70CL,1sogge-91,84sogge-94,CHIVAS REGAL,RICARD,mp,DISTRIBOISSONS
71010,c10-1200001462,COF WH SCO CHIVAS 1.5L,COFFRET WHISKY CHIVAS 1X1.5L,1sogge-92,,CHIVAS REGAL,RICARD,c10,C10
71011,c10-1200053524,PLF WH SCO CHIVAS MIZUNARA 40°70CL ETUI,PLF WHISKY SCOTCH CHIVAS MIZUNARA 40° 1X70CL,1sogge-93,,CHIVAS REGAL,RICARD,c10,C10
71012,c10-1200020695,WH SCO CHIVAS LACROIX 40° 1.5L,WHISKY CHIVAS LACROIX 40° 1X1.5L,1sogge-94,,CHIVAS REGAL,RICARD,c10,C10
71013,c10-1200034848,WH SCO CHIVAS LACROIX 40° 2L,WHISKY CHIVAS LACROIX 40° 1X2L,1sogge-95,,CHIVAS REGAL,RICARD,c10,C10
71014,c10-1200027753,WH SCO CHIVAS PININFARINA 18A 40° 70CL,WHISKY SCOTCH CHIVAS PININFARA 40° 18ANS 1X70CL,1sogge-96,,CHIVAS REGAL,RICARD,c10,C10
71015,c10-1200017587,WH SCO CHIVAS REGAL 12A 40° 1.5L,WHISKY CHIVAS REGAL 40° 12ANS 1X1.5L,1sogge-97,,CHIVAS REGAL,RICARD,c10,C10
71016,c10-1200028814,WH SCO CHIVAS REGAL 12A 40° 35CL,WHISKY CHIVAS REGAL 40° 12ANS 1X35CL,1sogge-98,,CHIVAS REGAL,RICARD,c10,C10
71017,c10-1200022988,WH SCO CHIVAS REGAL 12A 40° 4.5L,WHISKY CHIVAS REGAL 40° 12ANS 1X4.5L,1sogge-99,,CHIVAS REGAL,RICARD,c10,C10
71018,c10-1200001463,WH SCO CHIVAS REGAL 12A 40° 5CL,WHISKY CHIVAS REGAL 40° 12ANS 1X5CL,1sogge-100,84sogge-205,CHIVAS REGAL,RICARD,c10,C10
71019,c10-1200001987,WH SCO CHIVAS REGAL 12A 40° 70CL,WHISKY CHIVAS REGAL 40° 12ANS 1X70CL,1sogge-101,84sogge-124,CHIVAS REGAL,RICARD,c10,C10
71020,c10-1200011890,WH SCO CHIVAS REGAL 12A 50CL + 18A 50CL,WHISKY CHIVAS REGAL 12ANS 1X50CL,1sogge-102,,CHIVAS REGAL,RICARD,c10,C10
71021,c10-1200001460,WH SCO CHIVAS REGAL 18A 40° 70CL,WHISKY CHIVAS REGAL 40° 18ANS 1X70CL,1sogge-103,84sogge-94,CHIVAS REGAL,RICARD,c10,C10
71022,c10-1200028154,WH SCO CHIVAS REGAL 25A  ETUI 40° 70CL,WHISKY CHIVAS REGAL 40° 21ANS 1X70CL,1sogge-104,84sogge-61,CHIVAS REGAL,RICARD,c10,C10
71023,c10-1200047791,WH SCO CHIVAS REGAL EXTRA 40° 70CL,WHISKY CHIVAS REGAL 40° 1X70CL,1sogge-105,,CHIVAS REGAL,RICARD,c10,C10
71024,c10-1200049406,WH SCO CHIVAS REGAL MIZUNARA  40° 70CL,WHISKY CHIVAS REGAL 40° 1X70CL,1sogge-105,,CHIVAS REGAL,RICARD,c10,C10
71025,c10-1200015637,WH SCO CHIVAS REGAL SALUTE 62 GUN 43° 1L,WHISKY CHIVAS REGAL SALUTE 43° 6X1L,1sogge-106,,CHIVAS REGAL,RICARD,c10,C10
71026,c10-1200057043,WH SCO CHIVAS REGAL ULTIS 40° 70CL,WHISKY CHIVAS REGAL ULTIS 40° 1X70CL,1sogge-107,,CHIVAS REGAL,RICARD,c10,C10
71027,c10-1200006589,WH SCO CHIVAS ROYAL SALUTE 21A 70CL,WHISKY SCOTCH CHIVAS ROYAL SALUTE 21ANS 1X70CL,1sogge-108,,CHIVAS REGAL,RICARD,c10,C10
71028,c10-1200010774,WH SCO CHIVAS ROYAL SALUTE 38A 40° 70CL,WHISKY CHIVAS ROYAL SALUTE 40° 38ANS 1X70CL,1sogge-109,,CHIVAS REGAL,RICARD,c10,C10
71029,c10-1200045221,WH SCO CHIVAS SILVER 40° 1.5L,WHISKY SCOTCH CHIVAS SILVER 40° 1X1.5L,1sogge-110,,CHIVAS REGAL,RICARD,c10,C10
84521,fb-109643,WHISKY CHIVAS 25 ANS 40° COFFRET    70CL,COFFRET WHISKY CHIVAS 40° 1X70CL,1sogge-111,84sogge-61,CHIVAS REGAL,RICARD,fb,FRANCE BOISSONS
84522,fb-19581,WHISKY CHIVAS REGAL 12 ANS 40°      70CL,WHISKY CHIVAS REGAL 40° 12X70CL,1sogge-112,84sogge-124,CHIVAS REGAL,RICARD,fb,FRANCE BOISSONS
84580,fb-11373,WHISKY CHIVAS REGAL 12 ANS 40°  MIGN 5CL,WHISKY CHIVAS REGAL 40° 12X5CL,1sogge-113,84sogge-205,CHIVAS REGAL,RICARD,fb,FRANCE BOISSONS
84523,fb-17013,WHISKY CHIVAS REGAL 18 ANS 40°      70CL,WHISKY CHIVAS REGAL 40° 18ANS 1X70CL,1sogge-103,84sogge-94,CHIVAS REGAL,RICARD,fb,FRANCE BOISSONS
83068,mp-7090,CLAN CAMPBELL 100 CL 40°,CLAN CAMPBELL 40° 120X2L,1sogge-114,,CLAN CAMPBELL,RICARD,mp,DISTRIBOISSONS
71030,c10-1200053886,TEMP WH CLAN CAMPBELL 40°70CLX6+Verre,TEMP WHISKY CLAN CAMPBELL 40° 6X70CL,1sogge-115,,CLAN CAMPBELL,RICARD,c10,C10
71031,c10-1200024665,WH SCO CAMPBELL ELEMENTS EARTH 40° 70CL,WHISKY CLENLIVET FARST 40° 1X70CL,1sogge-116,,CLAN CAMPBELL,RICARD,c10,C10
71032,c10-1200001665,WH SCO CLAN CAMPBELL 10A 40° 70CL,WHISKY CLAN CAMPBELL 40° 10ANS 1X70CL,1sogge-117,,CLAN CAMPBELL,RICARD,c10,C10
71033,c10-1200008430,WH SCO CLAN CAMPBELL 12A 40° 70CL,WHISKY CLAN CAMPBELL 40° 12ANS 1X70CL,1sogge-118,,CLAN CAMPBELL,RICARD,c10,C10
71034,c10-1200018145,WH SCO CLAN CAMPBELL 40° 1.5L,WHISKY CLAN CAMPBELL 40° 1X1.5L,1sogge-119,,CLAN CAMPBELL,RICARD,c10,C10
71035,c10-1200001468,WH SCO CLAN CAMPBELL 40° 1L,WHISKY CLAN CAMPBELL 40° 1X1L,1sogge-120,,CLAN CAMPBELL,RICARD,c10,C10
71036,c10-1200037363,WH SCO CLAN CAMPBELL 40° 20CL,WHISKY CLAN CAMPBELL 40° 1X20CL,1sogge-121,,CLAN CAMPBELL,RICARD,c10,C10
71037,c10-1200001469,WH SCO CLAN CAMPBELL 40° 2L,WHISKY CLAN CAMPBELL 40° 1X2L,1sogge-122,,CLAN CAMPBELL,RICARD,c10,C10
71038,c10-1200001466,WH SCO CLAN CAMPBELL 40° 35CL,CLAN CAMPBELL 40° 1X35CL,1sogge-123,,CLAN CAMPBELL,RICARD,c10,C10
71039,c10-1200001470,WH SCO CLAN CAMPBELL 40° 4.5L,WHISKY CLAN CAMPBELL 40° 1X4.5L,1sogge-124,,CLAN CAMPBELL,RICARD,c10,C10
71040,c10-1200001465,WH SCO CLAN CAMPBELL 40° 5CL X12,WHISKY CLAN CAMPBELL 40° 12X1.5L,1sogge-125,86sogge-322,CLAN CAMPBELL,RICARD,c10,C10
71041,c10-1200001467,WH SCO CLAN CAMPBELL 40° 70CL,WHISKY CLAN CAMPBELL 40° 1X70CL,1sogge-126,,CLAN CAMPBELL,RICARD,c10,C10
71042,c10-1200052180,WH SCO CLAN CAMPBELL DARK 40°70CL X6,WHISKY CLAN CAMPBELL DARK 40° 6X70CL,1sogge-127,84sogge-299,CLAN CAMPBELL,RICARD,c10,C10
84524,fb-11210,WHISKY CLAN CAMPBELL 40°            70CL,WHISKY CLAN CAMPBELL 40° 1X70CL,1sogge-126,84sogge-468,CLAN CAMPBELL,RICARD,fb,FRANCE BOISSONS
84327,fb-14341,WHISKY CLAN CAMPBELL 40°    GALLON 450CL,WHISKY CLAN CAMPBELL 40° 1X4.5L,1sogge-124,84sogge-333,CLAN CAMPBELL,RICARD,fb,FRANCE BOISSONS
84321,fb-11251,WHISKY CLAN CAMPBELL 40°    MAGNUM 200CL,WHISKY CLAN CAMPBELL 40° 1X2L,1sogge-122,84sogge-446,CLAN CAMPBELL,RICARD,fb,FRANCE BOISSONS
84525,fb-112113,WHISKY CLAN CAMPBELL DARK 40°       70CL,WHISKY CLAN CAMPBELL DARK 40° 1X70CL,1sogge-128,84sogge-299,CLAN CAMPBELL,RICARD,fb,FRANCE BOISSONS
71043,c10-1200006425,COF COGNAC COHIBA 43° 70CL,COGNAC JOHIBA 43° 1X70CL,1sogge-129,,COHIBA,RICARD,c10,C10
71044,c10-1200007377,DJANGOA 17° 70CL,DJANGOA 17° 1X70CL,1sogge-130,,DJANGOA,RICARD,c10,C10
82973,mp-9125,LIQUEUR DJANGOA 70CL 17°,LIQUEUR DJANGOA 17° 1X70CL,1sogge-131,,DJANGOA,RICARD,mp,DISTRIBOISSONS
82679,mp-131628,DUBONNET 100 CL 16°,DUBONNET 16° 120X1L,1sogge-132,,DUBONNET,RICARD,mp,DISTRIBOISSONS
84560,fb-103002,"DUBONNET 14,8°                      75CL",DUBONNET 14.8° 1X75CL,1sogge-133,84sogge-174,DUBONNET,RICARD,fb,FRANCE BOISSONS
71045,c10-1200035707,DUBONNET 14.8° 75CL,DUBONNET 14.8° 1X75CL,1sogge-133,84sogge-174,DUBONNET,RICARD,c10,C10
71046,c10-1200001436,DUBONNET 16° 1L,DUBONNET 16° 1X1L,1sogge-134,,DUBONNET,RICARD,c10,C10
71047,c10-1200001435,DUBONNET 16° 5CL X144,DUBONNET 16° 1X4.5L,1sogge-135,,DUBONNET,RICARD,c10,C10
71048,c10-1200025375,RAKI FESAYA 45° 70CL,RAKI FESAYA 45° 1X70CL,1sogge-136,,FESAYA,RICARD,c10,C10
71049,c10-1200001449,BOURBON FOUR ROSES 40° 5CL X120,BOURBON FOUR ROSES 40° 120X1.5L,1sogge-137,,FOUR ROSES,RICARD,c10,C10
85604,fb-1200001450,BOURBON FOUR ROSES 40° 70CL X6,BOURBON FOUR ROSES 40° 6X70CL,1sogge-138,,FOUR ROSES,RICARD,fb,FRANCE BOISSONS
83008,mp-1084,BOURBON FOUR ROSES 70 CL40°,BOURBON FOUR ROSES 40° 1X70CL,1sogge-139,84sogge-469,FOUR ROSES,RICARD,mp,DISTRIBOISSONS
71050,c10-1200001447,BOURBON FOUR ROSES BARREL 50° 70CL,BOURBON FOUR ROSES BARREL 50° 1X70CL,1sogge-140,,FOUR ROSES,RICARD,c10,C10
71051,c10-1200001448,BOURBON FOUR ROSES BARREL ETUI 43° 70CL,BOURBON FOUR ROSES BARREL ETUI 43° 1X70CL,1sogge-141,,FOUR ROSES,RICARD,c10,C10
71052,c10-1200036554,BOURBON FOUR ROSES KENTUCKY 40° 1L,BOURBON FOUR ROSES 40° 1X1L,1sogge-142,,FOUR ROSES,RICARD,c10,C10
71053,c10-1200001450,BOURBON FOUR ROSES KENTUCKY 40° 70CL,BOURBON FOUR ROSES 40° 1X70CL,1sogge-139,84sogge-469,FOUR ROSES,RICARD,c10,C10
71054,c10-1200025603,BOURBON FOUR ROSES SMALL BATCH 70CL,BOURBON FOUR ROSES SMALL BATCH 1X70CL,1sogge-143,,FOUR ROSES,RICARD,c10,C10
84504,fb-11214,WHISKEY BOURBON FOUR ROSES 40°      70CL,WHISKEY BOURBON FOUR ROSES 40° 1X70CL,1sogge-144,84sogge-469,FOUR ROSES,RICARD,fb,FRANCE BOISSONS
83001,mp-150909,GLENLIVET FOUNDERS RES.70CL40°,GLENLIVET FOUNDERS 40° 1X70CL,1sogge-145,84sogge-650,GLENLIVET,RICARD,mp,DISTRIBOISSONS
83004,mp-290177,GLENLIVET FRENCH OAK 15A 40%70,GLENLIVET FRENCH OAK 15ANS 1X70CL,1sogge-146,84sogge-272,GLENLIVET,RICARD,mp,DISTRIBOISSONS
83050,mp-140934,GLENLIVET NADURRA 70 CL 55.5°,GLENLIVET NADURRA 55.5° 1X75CL,1sogge-147,,GLENLIVET,RICARD,mp,DISTRIBOISSONS
71055,c10-1200012174,WH GLENLIVET PRIVATE COLLECTION 91 70CL,WHISKY GLENLIVET PRIV COLLECTION 1X70CL,1sogge-148,,GLENLIVET,RICARD,c10,C10
71056,c10-1200001442,WH SCO GLENLIVET 12A 40° 70CL,WHISKY GLENLIVET 40° 12ANS 1X70CL,1sogge-149,,GLENLIVET,RICARD,c10,C10
71057,c10-1200002092,WH SCO GLENLIVET 15A 40° 70CL,WHISKY SCOTCH GLENLIVET 10° 1X70CL,1sogge-150,,GLENLIVET,RICARD,c10,C10
71058,c10-1200012172,WH SCO GLENLIVET 16A 55° 70CL,WHISKY SCOTCH GLENLIVET 16° 16ANS 1X70CL,1sogge-151,,GLENLIVET,RICARD,c10,C10
71059,c10-1200001458,WH SCO GLENLIVET 18A 43° 70CL,WHISKY SLENLIVET 43° 18ANS 1X70CL,1sogge-152,86sogge-279,GLENLIVET,RICARD,c10,C10
71060,c10-1200035167,WH SCO GLENLIVET 21A 40° 70CL,WHISKY GLENLIVET 40° 21ANS 1X70CL,1sogge-153,,GLENLIVET,RICARD,c10,C10
71061,c10-1200038736,WH SCO GLENLIVET 25A 43° 70CL,WHISKY GLENLIVET 43° 24X70CL,1sogge-154,,GLENLIVET,RICARD,c10,C10
71062,c10-1200029183,WH SCO GLENLIVET 59.7° 16A 70CL,WHISKY SCOTCH GLENLIVET 59.7° 16ANS 1X70CL,1sogge-155,,GLENLIVET,RICARD,c10,C10
71063,c10-1200045324,WH SCO GLENLIVET FIRST FILL 12A 40° 70CL,WHISKY GLENLIVET FIRST FILL 40° 12ANS 1X70CL,1sogge-156,,GLENLIVET,RICARD,c10,C10
71064,c10-1200040185,WH SCO GLENLIVET FOUNDERS RES 40° 70CL,WHISKY GLENLIVET FOUNDERS RES. 40° 1X70CL,1sogge-157,84sogge-650,GLENLIVET,RICARD,c10,C10
71065,c10-1200001459,WH SCO GLENLIVET FRENCH OAK 15A 40°70CL,WHISKY GLENLIVET FRENCH OAK 40° 1X70CL,1sogge-158,84sogge-272,GLENLIVET,RICARD,c10,C10
71066,c10-1200050481,WH SCO GLENLIVET NADURRA FIRST 70CL,WHISKY GLENLIVET NADURRA 1X70CL,1sogge-159,,GLENLIVET,RICARD,c10,C10
71067,c10-1200045134,WH SCO GLENLIVET NADURRA OLOROSO 70CL,WHISKY GLENLIVET NADURRA OLOROSO 1X70CL,1sogge-160,,GLENLIVET,RICARD,c10,C10
71068,c10-1200045135,WH SCO GLENLIVET NADURRA PEATED 70CL,WHISKY GLENLIVET NADURRA PEATED 1X70CL,1sogge-161,,GLENLIVET,RICARD,c10,C10
71069,c10-1200012944,WH SCO GLENLIVET NADURRA TRIP 70CL,WHISKY GLENLIVET NADURRA TRIP 1X70CL,1sogge-162,,GLENLIVET,RICARD,c10,C10
71070,c10-1200022050,WH SCO GLENLIVET PRIV COLLECTION 93 70CL,WHISKY SCOTCH GLENLIVET PRIV COLLECTION 6X70CL,1sogge-163,,GLENLIVET,RICARD,c10,C10
71071,c10-1200041817,WH SCO GLENLIVET RICH OAK 70CL,WHISKY GLENLIVET RICH OAK 1X70CL,1sogge-164,,GLENLIVET,RICARD,c10,C10
84535,fb-106772,WHISKY GLENLIVET FOUNDERS RES 40°  70CL,WHISKY GLENLIVET FOUNDERS 40° 1X70CL,1sogge-165,84sogge-650,GLENLIVET,RICARD,fb,FRANCE BOISSONS
71072,c10-1200039873,COF JAMESON TRIOLOGY 20CL X3,COFFRET JAMESON TRIOLOGY 1X3L,1sogge-166,,JAMESON,RICARD,c10,C10
84400,fb-11211,IRISH WHISKEY JAMESON 40°           70CL,IRISH WHISKEY JAMESON 40° 1X70CL,1sogge-167,,JAMESON,RICARD,fb,FRANCE BOISSONS
84323,fb-16057,IRISH WHISKEY JAMESON 40°   GALLON 450CL,WHISKY IRISH JAMESON 40° 1X4.5L,1sogge-168,84sogge-367,JAMESON,RICARD,fb,FRANCE BOISSONS
84318,fb-28867,IRISH WHISKEY JAMESON 40°   MAGNUM 200CL,IRMES WHISKY JAMESON 40° 1X2L,1sogge-169,84sogge-580,JAMESON,RICARD,fb,FRANCE BOISSONS
84403,fb-103723,JAMESON BLACK BARREL 40°            70CL,JAMESON BLACK BARREL 40° 1X70CL,1sogge-170,84sogge-277,JAMESON,RICARD,fb,FRANCE BOISSONS
83032,mp-3298,JAMESON PREMIUM 70CL 40°,JAMESON PREMIUM 40° 1X70CL,1sogge-171,,JAMESON,RICARD,mp,DISTRIBOISSONS
85708,fb-103185,JAMESON ST PATRICK 40° EDITION LIMITE 70CL,JAMESON BLACK PATRICK 40° 1X70CL,1sogge-172,,JAMESON,RICARD,fb,FRANCE BOISSONS
71073,c10-1200056100,PLF WH IRE JAMESON 40° 70CL X6 +6V,PLF WHISKY IRISH JAMESON 40° 6X70CL,1sogge-173,,JAMESON,RICARD,c10,C10
71074,c10-1200053949,TEMP WH IRE JAMESON 40° 70CL + KIT,TEMP WHISKY IRISH JAMESON 40° 1X70CL,1sogge-174,,JAMESON,RICARD,c10,C10
71075,c10-1200001452,WH IRE JAMESON 12A 40° 70CL,WHISKY IRISH JAMESON 40° 12ANS 1X70CL,1sogge-175,,JAMESON,RICARD,c10,C10
71076,c10-1200001454,WH IRE JAMESON 18A ETUI 40° 70CL,WHISKY IRISH JAMESON 40° 18ANS 1X70CL,1sogge-176,,JAMESON,RICARD,c10,C10
71077,c10-1200001443,WH IRE JAMESON 40° 1L,WHISKY IRISH JAMESON 40° 1X1L,1sogge-177,,JAMESON,RICARD,c10,C10
71078,c10-1200001455,WH IRE JAMESON 40° 2L,JAMESON BLAND 40° 1X2L,1sogge-178,,JAMESON,RICARD,c10,C10
71079,c10-1200001457,WH IRE JAMESON 40° 4.5L,WHISKY IRISH JAMESON 40° 1X4.5L,1sogge-168,,JAMESON,RICARD,c10,C10
71080,c10-1200001451,WH IRE JAMESON 40° 5CL X192,WHISKY IRISH JAMESON 40° 12X1.5L,1sogge-179,,JAMESON,RICARD,c10,C10
71081,c10-1200001453,WH IRE JAMESON 40° 70CL,JAMESON BLACK 40° 1X70CL,1sogge-180,,JAMESON,RICARD,c10,C10
71082,c10-1200049958,WH IRE JAMESON BLACK BARREL  40° 70CL,WHISKY BLAN BARRE BARREL 40° 1X70CL,1sogge-181,84sogge-277,JAMESON,RICARD,c10,C10
71083,c10-1200049321,WH IRE JAMESON BLENDER S DOG 43° 70CL,WHISKY BLENDIVET BENDER 43° 1X70CL,1sogge-182,,JAMESON,RICARD,c10,C10
71084,c10-1200049750,WH IRE JAMESON CASKMATES 40° 70CL,WHISKY IRISH JAMESON CASKMATES 40° 1X70CL,1sogge-183,,JAMESON,RICARD,c10,C10
71085,c10-1200049407,WH IRE JAMESON COOPER'S CROZE 43° 70CL,WHISKEY BOURBON FOUR ROSES 43° 1X70CL,1sogge-184,,JAMESON,RICARD,c10,C10
71086,c10-1200006400,WH IRE JAMESON CRESTED TEN 40° 70CL,WHISKY IRISH JAMESON CRESTED TEN 40° 1X70CL,1sogge-185,,JAMESON,RICARD,c10,C10
71087,c10-1200049408,WH IRE JAMESON DISTILLER'S SAFE 40° 70CL,WHISKY IRISH JAMESON DISTILLER'S SAFE 40° 1X70CL,1sogge-186,,JAMESON,RICARD,c10,C10
71088,c10-1200028156,WH IRE JAMESON GOLD 70CL,WHISKY IRISH JAMESON GOLD 1X70CL,1sogge-187,,JAMESON,RICARD,c10,C10
71089,c10-1200008482,WH IRE JAMESON SELECT RESERVE 40° 70CL,WHISKY IRISH JAMESON SELECT RESERVE 40° 1X70CL,1sogge-188,,JAMESON,RICARD,c10,C10
71090,c10-1200028155,WH IRE JAMESON VINTAGE 46° 70CL,WHISKY IRISH JAMESON VINTAGE 46° 1X70CL,1sogge-189,,JAMESON,RICARD,c10,C10
84343,fb-69552,CACHACA JANEIRO 40°              (6)70CL,CACHACA JANEIRO 40° 6X70CL,1sogge-190,84sogge-139,JANEIRO,RICARD,fb,FRANCE BOISSONS
85615,fb-68686,CACHACA JANEIRO 40°             (12)70CL,CACHACA JANEIRO 40° 12X70CL,1sogge-191,,JANEIRO,RICARD,fb,FRANCE BOISSONS
71091,c10-1200001480,CACHACA JANEIRO 40° 70CL,CACHACA JANEIRO 40° 1X70CL,1sogge-192,84sogge-139,JANEIRO,RICARD,c10,C10
83132,mp-6323,JANEIRO CACHACA 70 CL 40°,JANEIRO CACHACA 40° 1X70CL,1sogge-193,84sogge-139,JANEIRO,RICARD,mp,DISTRIBOISSONS
71092,c10-1200054681,COGNAC GAUTIER JULES ROBIN 40° 70CL,COGNAC GAUTIER JULES ROBIN 40° 1X70CL,1sogge-194,84sogge-1322,JULES ROBIN,RICARD,c10,C10
84359,fb-112625,COGNAC JULES ROBIN 40° 70CL,COGNAC JULES ROBIN 40° 1X70CL,1sogge-195,84sogge-1322,JULES ROBIN,RICARD,fb,FRANCE BOISSONS
71093,c10-1200001426,KAHLUA  20° 70CL,KAHLUA 20° 1X70CL,1sogge-196,,KAHLUA,RICARD,c10,C10
84409,fb-61411,LIQUEUR DE CAFE KAHLUA 20°          70CL,LIQUEUR DE CAFE KAHLUA 20° 1X70CL,1sogge-197,86sogge-76,KAHLUA,RICARD,fb,FRANCE BOISSONS
84561,fb-11215,LILLET BLANC 17°                    75CL,LILLET BLANC 17° 1X75CL,1sogge-198,84sogge-470,LILLET,RICARD,fb,FRANCE BOISSONS
71094,c10-1200041284,LILLET BLC 5CL,LILLET BLANC 1X5CL,1sogge-199,,LILLET,RICARD,c10,C10
71095,c10-1200001430,LILLET BLC 75CL 17°,LILLET BLANC 17° 1X75CL,1sogge-198,,LILLET,RICARD,c10,C10
71096,c10-1200041283,LILLET RGE 5CL,LILLET ROUGE 1X5CL,1sogge-200,,LILLET,RICARD,c10,C10
71097,c10-1200001431,LILLET RGE 75CL 17°,LILLET ROUGE 17° 1X75CL,1sogge-201,,LILLET,RICARD,c10,C10
71098,c10-1200019769,LILLET ROS 75CL 17°,LILLET ROSE 17° 1X75CL,1sogge-202,,LILLET,RICARD,c10,C10
84562,fb-101014,LILLET ROSE 17°                     75CL,LILLET ROSE 17° 1X75CL,1sogge-202,84sogge-546,LILLET,RICARD,fb,FRANCE BOISSONS
84563,fb-11227,LILLET ROUGE 17°                    75CL,LILLET ROUGE 17° 1X75CL,1sogge-201,84sogge-456,LILLET,RICARD,fb,FRANCE BOISSONS
83071,mp-1109,MAG. LONG JOHN 200 CL 40°,MAG. LONG JOHN 40° 120X2L,1sogge-203,,LONG JOHN,RICARD,mp,DISTRIBOISSONS
71099,c10-1200001445,WH SCO LONG JOHN 40° 1.5L,WHISKY SCOTCH LONG 40° 1X1.5L,1sogge-204,,LONG JOHN,RICARD,c10,C10
71100,c10-1200001446,WH SCO LONG JOHN 40° 70CL,WHISKY SCOTCH LONG 40° 1X70CL,1sogge-205,84sogge-1905,LONG JOHN,RICARD,c10,C10
71101,c10-1200001444,WH SCO LONG JOHN PET 40° 2L,WHISKY SCOTCH LONG JOHN 40° 1X2L,1sogge-206,,LONG JOHN,RICARD,c10,C10
71102,c10-1200013311,WH SCO LONGMORN 15A 43° 70CL,WHISKY SCOTCH LONGMORN 43° 1X70CL,1sogge-207,,LONGMORN,RICARD,c10,C10
71103,c10-1200013009,WH SCO LONGMORN 16A 48° 70CL,WHISKY SCOTCH LONGMORN 48° 16ANS 1X70CL,1sogge-208,,LONGMORN,RICARD,c10,C10
71104,c10-1200048380,WH SCO LONGMORN DISTILLER CHOICE 43°70CL,WHISKY SCOTCH LONGMORN DISTILLER CHOICE 43° 1X70CL,1sogge-209,,LONGMORN,RICARD,c10,C10
84423,fb-99602,LIQUEUR MALIBU 18°                  70CL,LIQUEUR MALIBU 18° 1X70CL,1sogge-210,,MALIBU,RICARD,fb,FRANCE BOISSONS
71105,c10-1200012524,MALIBU ANANAS 21° 70CL,MALIBU ANANAS 21° 1X70CL,1sogge-211,,MALIBU,RICARD,c10,C10
71106,c10-1200026664,MALIBU BANANE 21° 70CL,MALIBU BANANE 21° 1X70CL,1sogge-212,,MALIBU,RICARD,c10,C10
71107,c10-1200023117,MALIBU COCO 18° 1.5L,MALIBU COCO 18° 1X1.5L,1sogge-213,,MALIBU,RICARD,c10,C10
71108,c10-1200013185,MALIBU COCO 18° 70CL,MALIBU COCO 18° 1X70CL,1sogge-214,84sogge-1978,MALIBU,RICARD,c10,C10
71109,c10-1200001427,MALIBU COCO 21° 1.5L,MALIBU COCO 21° 1X1.5L,1sogge-215,,MALIBU,RICARD,c10,C10
71110,c10-1200001429,MALIBU COCO 21° 35CL,MALIBU COCO 21° 1X35CL,1sogge-216,,MALIBU,RICARD,c10,C10
71111,c10-1200001428,MALIBU COCO 21° 70CL,MALIBU COCO 21° 1X70CL,1sogge-217,84sogge-1979,MALIBU,RICARD,c10,C10
71112,c10-1200013187,MALIBU FRESH 18° 70CL,MALIBU FRESH 18° 1X70CL,1sogge-218,84sogge-1972,MALIBU,RICARD,c10,C10
71113,c10-1200006587,MALIBU FRESH 21° 70CL,MALIBU FRESH 21° 1X70CL,1sogge-219,,MALIBU,RICARD,c10,C10
71114,c10-1200036183,MALIBU ISLAND SPICED 35° 70CL,MALIBU ISLAND SPICED 35° 1X70CL,1sogge-220,,MALIBU,RICARD,c10,C10
71115,c10-1200006446,MALIBU LIME 21° 70CL,MALIBU LIME 21° 1X70CL,1sogge-221,,MALIBU,RICARD,c10,C10
71116,c10-1200025737,MALIBU MANGO 21° 70CL,MALIBU MANGO 21° 1X70CL,1sogge-222,,MALIBU,RICARD,c10,C10
71117,c10-1200029406,MALIBU PASSION 18° 70CL,MALIBU PASSION 18° 1X70CL,1sogge-223,,MALIBU,RICARD,c10,C10
71118,c10-1200024786,MALIBU PASSION 21° 70CL,MALIBU PASSION 21° 1X70CL,1sogge-224,,MALIBU,RICARD,c10,C10
71119,c10-1200023462,MALIBU PINA COLADA 12.5° 1.5L,MALIBU PINA COLADA 12.5° 1X1.5L,1sogge-225,,MALIBU,RICARD,c10,C10
71120,c10-1200035775,MANDARIN 20° 1L,MANDARIN 20° 1X1L,1sogge-226,,MANDARIN,RICARD,c10,C10
71121,c10-1200001481,TEQUILA MARIACHI SILVER 38° 70CL,TEQUILA MARIACHI SILVER 38° 1X70CL,1sogge-227,84sogge-1515,MARIACHI,RICARD,c10,C10
71122,c10-1200001456,WH IRE MIDLETON 40° 70CL,WHISKY IRISH MIDLETON 40° 1X70CL,1sogge-228,,MIDLETON,RICARD,c10,C10
71123,c10-1200035721,WH IRE MIDLETON BARRY CROCKETT 70CL,WHISKEY BLACH BARREY CROCKETT 1X70CL,1sogge-229,,MIDLETON,RICARD,c10,C10
71124,c10-1200035722,WH IRE MIDLETON VERY RARE 70CL,WHISKY IRISH MIDLETON VERY RARE 1X70CL,1sogge-230,,MIDLETON,RICARD,c10,C10
84570,fb-99529,"PORTO KOPKE FINE WHITE FB 19,5°  75CL",PORTO KOPKE FINE WHITE 19.5° 1X75CL,1sogge-231,84sogge-607,OFFLEY,RICARD,fb,FRANCE BOISSONS
82659,mp-8692,PORTO OFFLEY BLANC 75 CL 19.5°,PORTO OFFLEY BLANC 19.5° 1X75CL,1sogge-232,,OFFLEY,RICARD,mp,DISTRIBOISSONS
71125,c10-1200052824,PORTO OFFLEY RGE 19.5° 75CL,PORTO OFFLEY ROUGE 19.5° 1X75CL,1sogge-233,,OFFLEY,RICARD,c10,C10
71126,c10-1200029199,PORTO OFFLEY ROSE 75CL,PORTO OFFLEY ROSE 1X75CL,1sogge-234,,OFFLEY,RICARD,c10,C10
71127,c10-1200001432,PORTO OFFLEY RUBY 75CL,PORTO OFFLEY RUBY 1X75CL,1sogge-235,,OFFLEY,RICARD,c10,C10
71128,c10-1200001434,PORTO OFFLEY TAWNY 19.5° 75CL,PORTO OFFLEY TAWNY 19.5° 1X75CL,1sogge-236,84sogge-1521,OFFLEY,RICARD,c10,C10
71129,c10-1200001433,PORTO OFFLEY WHITE 19.5° 75CL,PORTO OFFLEY WHITE 19.5° 1X75CL,1sogge-237,84sogge-607,OFFLEY,RICARD,c10,C10
71130,c10-1200002979,VODKA ORLOFF 37.5° 2L,VODKA ORLOFF 37° 1X75CL,1sogge-238,,ORLOFF,RICARD,c10,C10
71131,c10-1200008842,VODKA ORLOFF 37.5° 35CL,VODKA ORLOFF 37.5° 1X35CL,1sogge-239,,ORLOFF,RICARD,c10,C10
71132,c10-1200001474,VODKA ORLOFF 37.5° 4.5L,VODKA ORLOFF 37° 1X4.5L,1sogge-240,84sogge-1414,ORLOFF,RICARD,c10,C10
71133,c10-1200001477,VODKA ORLOFF 37.5° 70CL,VODKA ORLOFF 37° 1X70CL,1sogge-241,84sogge-218,ORLOFF,RICARD,c10,C10
84490,fb-90543,VODKA ORLOFF 37°5                   70CL,VODKA ORLOFF 37° 1X70CL,1sogge-241,84sogge-218,ORLOFF,RICARD,fb,FRANCE BOISSONS
84326,fb-90685,VODKA ORLOFF 37°5           GALLON 450CL,VODKA ORLOFF 37° 1X4.5L,1sogge-240,84sogge-167,ORLOFF,RICARD,fb,FRANCE BOISSONS
83137,mp-8267,VODKA ORLOFF 70CL 37.5°,VODKA ORLOFF 37° 1X70CL,1sogge-241,84sogge-218,ORLOFF,RICARD,mp,DISTRIBOISSONS
83477,fb-11246,PACIFIC                            100CL,PACIFIC 1X1L,1sogge-242,,PACIFIC,RICARD,fb,FRANCE BOISSONS
71134,c10-1100000404,PACIFIC 1L,PACIFIC 1X1L,1sogge-242,,PACIFIC,RICARD,c10,C10
71135,c10-1100005495,PACIFIC AGRUME 70CL,PACIFIC AGRUME 70CL,1sogge-243,,PACIFIC,RICARD,c10,C10
71136,c10-1100001192,PACIFIC COCO 1L,PACIFIC COCO 1X1L,1sogge-244,,PACIFIC,RICARD,c10,C10
71137,c10-1100002466,PACIFIC FRAISE 1L,PACIFIC FRAISE 1X1L,1sogge-245,,PACIFIC,RICARD,c10,C10
71138,c10-1100006952,PACIFIC FRAISE 70CL,PACIFIC FRAISE 77° 1X70CL,1sogge-246,,PACIFIC,RICARD,c10,C10
71139,c10-1100001193,PACIFIC MENTHE 1L,PACIFIC MENTHE 1X1L,1sogge-247,,PACIFIC,RICARD,c10,C10
71140,c10-1100001191,PACIFIC PASSION 70CL,PACIFIC PASSION 1X70CL,1sogge-248,,PACIFIC,RICARD,c10,C10
83231,mp-2446,PACIFIC SANS ALCOOL 100 CL,PACIFIC SANS ALCOOL 120X1L,1sogge-249,,PACIFIC,RICARD,mp,DISTRIBOISSONS
71141,c10-1200039383,CHAMP BRUT 1.5L BELLE EPOQUE PERRIER JOU,CHAMP BESEL ELEME 1X1.5L,1sogge-250,,PERRIER JOUET,RICARD,c10,C10
71142,c10-1200016719,CHAMP BRUT 1.5L PERRIER JOUET,CHAMP BRET ROUG 1X1.5L,1sogge-251,,PERRIER JOUET,RICARD,c10,C10
71143,c10-1200053653,CHAMP BRUT 3L PERRIER JOUET,CHAMP BRUR JOUGER 1X3L,1sogge-252,,PERRIER JOUET,RICARD,c10,C10
71144,c10-1200013541,CHAMP BRUT 75CL PERRIER JOUET X6,CHAMP BRET PIR BOURE 1X75CL,1sogge-253,,PERRIER JOUET,RICARD,c10,C10
71145,c10-1200007005,CHAMP BRUT MILL 75CL BELLE EPOQUE JOUET,CHAMP BESQUIL BLEND 1X75CL,1sogge-254,,PERRIER JOUET,RICARD,c10,C10
71146,c10-1200050937,CHAMP BRUT ROS 75CL BELLE EPOQ PERRIER J,PLEMP WRISKY BLAND ROSE 1X75CL,1sogge-255,,PERRIER JOUET,RICARD,c10,C10
71147,c10-1200001424,CHAMP GD BRUT 75CL PERRIER JOUET,CHAMP BRET ROUGN 1X75CL,1sogge-256,,PERRIER JOUET,RICARD,c10,C10
71148,c10-1200007004,CHAMP ROS 75CL PERRIER JOUET,CHAMP BRUT ROSE 1X75CL,1sogge-257,,PERRIER JOUET,RICARD,c10,C10
71149,c10-1200029012,COGNAC POLIGNAC 70CL,COGNAC POLIGNAC 1X70CL,1sogge-258,,POLIGNAC,RICARD,c10,C10
71150,c10-1200024612,COGNAC POLIGNAC VSOP 40° 1.5L,COGNAC POLIGNAC VSOP 40° 1X1.5L,1sogge-259,,POLIGNAC,RICARD,c10,C10
71151,c10-1200043823,COGNAC POLIGNAC VSOP 40° 50CL,COGNAC POLIGNAC VSOP 40° 1X50CL,1sogge-260,,POLIGNAC,RICARD,c10,C10
71152,c10-1200056973,WH IRE POWER'S 12A JOHN LANE 46° 70CL,WHISKY BLAN POWER'S 46° 12ANS 1X70CL,1sogge-261,,POWER'S,RICARD,c10,C10
71153,c10-1200026494,WH IRE POWER'S 40° 12A 70CL,WHISKY IRISH POWER'S 40° 12ANS 1X70CL,1sogge-262,,POWER'S,RICARD,c10,C10
71154,c10-1200003088,WH IRE POWER'S 40° 70CL + VERRES,WHISKY IRISH POWER'S 40° 1X70CL,1sogge-263,,POWER'S,RICARD,c10,C10
71155,c10-1200000975,WH IRE POWER'S 70CL,WHISKY IRISH POWER'S 1X70CL,1sogge-264,,POWER'S,RICARD,c10,C10
71156,c10-1200037130,WH IRE POWER'S GOLD 70CL,WHISKY GLEND PORED 1X70CL,1sogge-265,,POWER'S,RICARD,c10,C10
71157,c10-1200038500,WH IRE POWER'S SIGNATURE RELEASE 70CL,WHISKY SHEELAD PORETAS RELE 1X70CL,1sogge-266,,POWER'S,RICARD,c10,C10
82735,mp-2010,MIGN RICARD 54X2CL 45°,MIGN RICARD 45° 24X2CL,1sogge-267,,RICARD,RICARD,mp,DISTRIBOISSONS
82731,mp-250800,PASTIS 51 45% 100CLX6 + 1 MALE,MALIBU PASSION 1X1L,1sogge-268,,RICARD,RICARD,mp,DISTRIBOISSONS
82733,mp-882,RICARD 100 CL 45°,RICARD 45° 120X1L,1sogge-269,,RICARD,RICARD,mp,DISTRIBOISSONS
82734,mp-250799,RICARD 45% 100CL X12 + 6 VERRE,RICARD BESTRA 45° 6X1L,1sogge-270,,RICARD,RICARD,mp,DISTRIBOISSONS
84302,fb-11244,RICARD 45°                         100CL,RICARD 45° 120X1L,1sogge-269,,RICARD,RICARD,fb,FRANCE BOISSONS
71158,c10-1200001487,RICARD 45° 1.5L,RICARD 45° 1X1.5L,1sogge-271,,RICARD,RICARD,c10,C10
71159,c10-1200001485,RICARD 45° 1L,RICARD 45° 1X1L,1sogge-272,,RICARD,RICARD,c10,C10
71160,c10-1200027804,RICARD 45° 20CL,RICARD 45° 1X20CL,1sogge-273,,RICARD,RICARD,c10,C10
71161,c10-1200001482,RICARD 45° 2CL,RICARD 45° 1X2CL,1sogge-274,,RICARD,RICARD,c10,C10
71162,c10-1200019136,RICARD 45° 35CL,RICARD 45° 1X35CL,1sogge-275,,RICARD,RICARD,c10,C10
71163,c10-1200001489,RICARD 45° 4.5L,RICARD 45° 1X4.5L,1sogge-276,,RICARD,RICARD,c10,C10
71164,c10-1200001486,RICARD 45° 50CL,RICARD 45° 1X50CL,1sogge-277,,RICARD,RICARD,c10,C10
71165,c10-1200001484,RICARD 45° 70CL,RICARD 45° 1X70CL,1sogge-278,,RICARD,RICARD,c10,C10
84325,fb-13322,RICARD 45° GALLON                  450CL,LILLET RICA 45° 1X4.5L,1sogge-279,84sogge-524,RICARD,RICARD,fb,FRANCE BOISSONS
84309,fb-11245,RICARD 45° MAGNUM                  150CL,MANGARD 45° 1X1.5L,1sogge-280,84sogge-447,RICARD,RICARD,fb,FRANCE BOISSONS
85963,fb-11366,RICARD 45° MIGN                      2CL,MIGN RICARD 45° 1X2CL,1sogge-281,,RICARD,RICARD,fb,FRANCE BOISSONS
71166,c10-1200001483,RICARD 7.5° 25CL X24,RICARD 7.5° 24X2.5L,1sogge-282,112sogge-229,RICARD,RICARD,c10,C10
82737,mp-8968,RICARD BOUTEILLE 24X25CL 7.5°,RICARD BOUTEILLE 7.5° 24X2.5L,1sogge-283,112sogge-229,RICARD,RICARD,mp,DISTRIBOISSONS
71167,c10-1200019722,ARAK SAIBADA 53° 70CL,ARAK SAIBADA 53° 1X70CL,1sogge-284,,SAIBADA,RICARD,c10,C10
71168,c10-1200011106,VODKA SEAGRAM 37.5° 35CL,VODKA SEAGRAM 7.5° 1X35CL,1sogge-285,,SEAGRAM,RICARD,c10,C10
71169,c10-1200026980,WHI SCO SHEEP DIP BLENDED MALT 40° 70CL,WHISKY SHEEP DIP BLENDED MALT 40° 1X70CL,1sogge-286,,SHEEP DIP,RICARD,c10,C10
71170,c10-1200026663,WHI SHEEP DIP PURE MALT 45° 70CL,WHISKY SHEEP DIP PURE MALT 45° 1X70CL,1sogge-287,,SHEEP DIP,RICARD,c10,C10
71171,c10-1200006107,WH SCO STRATHISLA 12A 70CL,WHISKY SCOTCH STRATHISLA 12ANS 1X70CL,1sogge-288,,STRATHISLA,RICARD,c10,C10
82805,mp-250269,RHUM VANA 40% 100CL,RHUM VANA 40° 1X1L,1sogge-289,,VANA,RICARD,mp,DISTRIBOISSONS
71172,c10-1200001425,RHUM VANA 40° 1L,RHUM VANA 40° 1X1L,1sogge-289,,VANA,RICARD,c10,C10
71173,c10-1200006570,TEQUILA VIUDA ROMERO 38° 70CL,TEQUILA VIUDA ROMERO 38° 1X70CL,1sogge-290,84sogge-1681,VIUDA ROMERO,RICARD,c10,C10
71174,c10-1200015779,PORTO WARRE RGE 10A 75CL,PORTO WARRE ROSE 10ANS 1X75CL,1sogge-291,,WARRE,RICARD,c10,C10
