entity_id,sku,libelle,sd_code_sogge,sd_marque,sd_conditionnement,sd_volume,sd_industriel
75417,c10-1100001511,BOOGY NECTAR BANANE 1L VP X6,,BOOGY,BTL,1L,TEISSEIRE FRANCE S.A.S
75414,c10-1100001483,BOOGY ABC ORANGE 1L VP X6,,BOOGY,BTL,1L,TEISSEIRE FRANCE S.A.S
75419,c10-1100001580,BOOGY PJ POMME 1L VP X6,,BOOGY,BTL,1L,TEISSEIRE FRANCE S.A.S
75416,c10-1100001514,BOOGY NECTAR ANANAS 1L VP X6,,BOOGY,BTL,1L,TEISSEIRE FRANCE S.A.S
75413,c10-1100001482,BOOGY ABC EXOTIQUE 1L VP X6,,BOOGY,BTL,1L,TEISSEIRE FRANCE S.A.S
75418,c10-1100001513,BOOGY NECTAR PAMPLEMOUSSE 1L VP X6,,BOOGY,BTL,1L,TEISSEIRE FRANCE S.A.S
75415,c10-1100001512,BOOGY NECTAR ABRICOT 1L VP X6,,BOOGY,BTL,1L,TEISSEIRE FRANCE S.A.S
75455,c10-1100003051,CAPUCINE SIROP MENTHE VERTE 1L,,CAPUCINE,BTL,1L,TEISSEIRE FRANCE S.A.S
75433,c10-1100003035,CAPUCINE NECTAR ACE 25CL VP X24,,CAPUCINE,BTL,25CL,TEISSEIRE FRANCE S.A.S
75430,c10-1100003065,CAPUCINE CERISE1L VP X6,,CAPUCINE,BTL,1L,TEISSEIRE FRANCE S.A.S
75446,c10-1100004030,CAPUCINE SIROP CASSIS 1L,,CAPUCINE,BTL,1L,TEISSEIRE FRANCE S.A.S
75440,c10-1100003044,CAPUCINE PJ RAISIN BLC BIO 25CL VP X24,,CAPUCINE,BTL,25CL,TEISSEIRE FRANCE S.A.S
75459,c10-1100003055,CAPUCINE SIROP PECHE 1L,,CAPUCINE,BTL,1L,TEISSEIRE FRANCE S.A.S
75445,c10-1100003030,CAPUCINE SIROP CARAMEL 1L,,CAPUCINE,BTL,1L,TEISSEIRE FRANCE S.A.S
75450,c10-1100003076,CAPUCINE SIROP COCO 1L,,CAPUCINE,BTL,1L,TEISSEIRE FRANCE S.A.S
75436,c10-1100003039,CAPUCINE NECTAR FRAISE 25CL VP X24,,CAPUCINE,BTL,25CL,TEISSEIRE FRANCE S.A.S
75454,c10-1100003049,CAPUCINE SIROP KIWI 1L,,CAPUCINE,BTL,1L,TEISSEIRE FRANCE S.A.S
75444,c10-1200024361,CAPUCINE SIROP BISCUIT ROSE 1L,,CAPUCINE,BTL,1L,TEISSEIRE FRANCE S.A.S
75432,c10-1100003034,CAPUCINE NECTAR ABRICOT 25CL VP X24,,CAPUCINE,BTL,25CL,TEISSEIRE FRANCE S.A.S
75420,c10-1100003064,CAPUCINE ABC ANANAS 1L VP X6,,CAPUCINE,BTL,1L,TEISSEIRE FRANCE S.A.S
75441,c10-1100003714,CAPUCINE PJ RAISIN RGE 25CL VP X24,,CAPUCINE,BTL,25CL,TEISSEIRE FRANCE S.A.S
75439,c10-1100003043,CAPUCINE PJ POMME TROUBLE 25CL VP X24,,CAPUCINE,BTL,25CL,TEISSEIRE FRANCE S.A.S
75458,c10-1100003054,CAPUCINE SIROP PAMPLEMOUSSE ROS 1L,,CAPUCINE,BTL,1L,TEISSEIRE FRANCE S.A.S
75429,c10-1100003075,CAPUCINE CERISE 25CL VP X24,,CAPUCINE,BTL,25CL,TEISSEIRE FRANCE S.A.S
75423,c10-1100003038,CAPUCINE ABC EXOTIQUE 25CL VP X24,,CAPUCINE,BTL,25CL,TEISSEIRE FRANCE S.A.S
75443,c10-1200023915,CAPUCINE SIROP BANANE VERTE 1L,,CAPUCINE,BTL,1L,TEISSEIRE FRANCE S.A.S
75453,c10-1100003048,CAPUCINE SIROP GRENADINE 1L,,CAPUCINE,BTL,1L,TEISSEIRE FRANCE S.A.S
75431,c10-1100003063,CAPUCINE NECTAR ABRICOT 1L VP X6,,CAPUCINE,BTL,1L,TEISSEIRE FRANCE S.A.S
75449,c10-1100003033,CAPUCINE SIROP CITRON SPECIAL 1L,,CAPUCINE,BTL,1L,TEISSEIRE FRANCE S.A.S
75428,c10-1100003080,CAPUCINE ABC POMME TROUBLE 1L VP X6,,CAPUCINE,BTL,1L,TEISSEIRE FRANCE S.A.S
75427,c10-1100003804,CAPUCINE ABC POMME CLAIR 1L VP X6,,CAPUCINE,BTL,1L,TEISSEIRE FRANCE S.A.S
75451,c10-1100003042,CAPUCINE SIROP FRAISE 1L,,CAPUCINE,BTL,1L,TEISSEIRE FRANCE S.A.S
75457,c10-1100003053,CAPUCINE SIROP ORGEAT 1L,,CAPUCINE,BTL,1L,TEISSEIRE FRANCE S.A.S
75435,c10-1100003037,CAPUCINE NECTAR BANANE 25CL VP X24,,CAPUCINE,BTL,25CL,TEISSEIRE FRANCE S.A.S
75424,c10-1100003067,CAPUCINE ABC ORANGE 1L VP X6,,CAPUCINE,BTL,1L,TEISSEIRE FRANCE S.A.S
75461,c10-1200023807,CAPUCINE SIROP SUCRE CANNE 1L,,CAPUCINE,BTL,1L,TEISSEIRE FRANCE S.A.S
75452,c10-1100003046,CAPUCINE SIROP FRAMBOISE 1L,,CAPUCINE,BTL,1L,TEISSEIRE FRANCE S.A.S
75462,c10-1100003061,CAPUCINE SIROP VIOLETTE 1L,,CAPUCINE,BTL,1L,TEISSEIRE FRANCE S.A.S
75448,c10-1100003032,CAPUCINE SIROP CITRON 1L,,CAPUCINE,BTL,1L,TEISSEIRE FRANCE S.A.S
75425,c10-1100003079,CAPUCINE ABC PAMPLEMOUSSE ROS 1L VP X6,,CAPUCINE,BTL,1L,TEISSEIRE FRANCE S.A.S
75438,c10-1100003801,CAPUCINE PJ POMME CLAIR 25CL VP X24,,CAPUCINE,BTL,25CL,TEISSEIRE FRANCE S.A.S
75426,c10-1100003041,CAPUCINE ABC PAMPLEMOUSSE ROS 25CL VPX24,,CAPUCINE,BTL,25CL,TEISSEIRE FRANCE S.A.S
75456,c10-1100003052,CAPUCINE SIROP ORANGE 1L,,CAPUCINE,BTL,1L,TEISSEIRE FRANCE S.A.S
75421,c10-1100003036,CAPUCINE ABC ANANAS 25CL VP X24,,CAPUCINE,BTL,25CL,TEISSEIRE FRANCE S.A.S
75422,c10-1100003066,CAPUCINE ABC EXOTIQUE 1L VP X6,,CAPUCINE,BTL,1L,TEISSEIRE FRANCE S.A.S
75442,c10-1100003045,CAPUCINE PJ TOMATE 25CL VP X24,,CAPUCINE,BTL,25CL,TEISSEIRE FRANCE S.A.S
75460,c10-1100003056,CAPUCINE SIROP POMME VERTE 1L,,CAPUCINE,BTL,1L,TEISSEIRE FRANCE S.A.S
75447,c10-1100003031,CAPUCINE SIROP CERISE 1L,,CAPUCINE,BTL,1L,TEISSEIRE FRANCE S.A.S
75434,c10-1100003078,CAPUCINE NECTAR BANANE 1L VP X6,,CAPUCINE,BTL,1L,TEISSEIRE FRANCE S.A.S
75437,c10-1100003040,CAPUCINE PJ ORANGE 25CL VP X24,,CAPUCINE,BTL,25CL,TEISSEIRE FRANCE S.A.S
82135,mp-130673,FRUIT SHOOT MULTIVITAM.24X20CL,,FRUIT SHOOT,,,TEISSEIRE FRANCE S.A.S
75467,c10-1200011696,SODA SHOOT CITRON 20CL PET X 24,,FRUIT SHOOT,BTL,20CL,TEISSEIRE FRANCE S.A.S
75465,c10-1100005602,FRUIT SHOOT ROUGES 20CL PET X24,,FRUIT SHOOT,PET,20CL,TEISSEIRE FRANCE S.A.S
75464,c10-1100002985,FRUIT SHOOT ORANGE 20CL PET X24,84sogge-1734,FRUIT SHOOT,PET,20CL,TEISSEIRE FRANCE S.A.S
83924,fb-101785,FRUIT SHOOT MULTIVITAMINE        24X20CL,84sogge-662,FRUIT SHOOT,PET,20CL,TEISSEIRE FRANCE S.A.S
75463,c10-1100002808,FRUIT SHOOT MULTIVITAMINE 20CL PET X24,84sogge-662,FRUIT SHOOT,PET,20CL,TEISSEIRE FRANCE S.A.S
82134,mp-130672,FRUIT SHOOT TROPICAL 24X20CL,84sogge-663,FRUIT SHOOT,PET,20CL,TEISSEIRE FRANCE S.A.S
75466,c10-1100002986,FRUIT SHOOT TROPICAL 20CL PET X24,84sogge-663,FRUIT SHOOT,PET,20CL,TEISSEIRE FRANCE S.A.S
83925,fb-101784,FRUIT SHOOT TROPICAL             24X20CL,84sogge-663,FRUIT SHOOT,PET,20CL,TEISSEIRE FRANCE S.A.S
75475,c10-1100002345,INEO SIROP FRAISE 1L,,INEO,BTL,1L,TEISSEIRE FRANCE S.A.S
75482,c10-1100002358,INEO SIROP PASSION 1L,,INEO,BTL,1L,TEISSEIRE FRANCE S.A.S
75478,c10-1100002353,INEO SIROP KIWI 1L,,INEO,BTL,1L,TEISSEIRE FRANCE S.A.S
75479,c10-1100002344,INEO SIROP MENTHE VERTE 1L,,INEO,BTL,1L,TEISSEIRE FRANCE S.A.S
75485,c10-1100002357,INEO SUCRE DE CANNE 1L,,INEO,BTL,1L,TEISSEIRE FRANCE S.A.S
75474,c10-1100002352,INEO SIROP CITRON CLAIR 1L,,INEO,BTL,1L,TEISSEIRE FRANCE S.A.S
75469,c10-1100002379,INEO SIROP BANANE 1L,,INEO,BTL,1L,TEISSEIRE FRANCE S.A.S
75477,c10-1100002343,INEO SIROP GRENADINE 1L,,INEO,BTL,1L,TEISSEIRE FRANCE S.A.S
75470,c10-1100002356,INEO SIROP CARAMEL 1L,,INEO,BTL,1L,TEISSEIRE FRANCE S.A.S
75476,c10-1100002586,INEO SIROP FRAMBOISE 1L,,INEO,BTL,1L,TEISSEIRE FRANCE S.A.S
75483,c10-1100002351,INEO SIROP PECHE 1L,,INEO,BTL,1L,TEISSEIRE FRANCE S.A.S
75468,c10-1100002376,INEO SIROP ANIS 1L,,INEO,BTL,1L,TEISSEIRE FRANCE S.A.S
75484,c10-1100002355,INEO SIROP VIOLETTE 1L,,INEO,BTL,1L,TEISSEIRE FRANCE S.A.S
75480,c10-1100002585,INEO SIROP ORANGE1L,,INEO,BTL,1L,TEISSEIRE FRANCE S.A.S
75473,c10-1100002350,INEO SIROP CITRON ACIDE 1L,,INEO,BTL,1L,TEISSEIRE FRANCE S.A.S
75471,c10-1100002373,INEO SIROP CASSIS 1L,,INEO,BTL,1L,TEISSEIRE FRANCE S.A.S
75481,c10-1100002354,INEO SIROP ORGEAT 1L,,INEO,BTL,1L,TEISSEIRE FRANCE S.A.S
75472,c10-1200014407,INEO SIROP CERISE 1L,,INEO,BTL,1L,TEISSEIRE FRANCE S.A.S
75486,c10-1100008080,TONIC WATER LONDON ESSENCE 20CL VP X24,,LONDON ESSENCE,BTL,20CL,TEISSEIRE FRANCE S.A.S
75489,c10-1100006919,LIMONADE R WHITES POIRE SUREAU33CL VPX24,,R WHITES,BTL,33CL,TEISSEIRE FRANCE S.A.S
75488,c10-1100006918,LIMONADE R WHITES FRAMBOISE 33CL VP X24,,R WHITES,BTL,33CL,TEISSEIRE FRANCE S.A.S
75487,c10-1100006917,LIMONADE R WHITES CITRON 33CL VP X24,,R WHITES,BTL,33CL,TEISSEIRE FRANCE S.A.S
75492,c10-1100001605,SICILIA CONCENTRE CITRON VERT 50CL VP,,SICILIA,BTL,50CL,TEISSEIRE FRANCE S.A.S
75491,c10-1100002107,SICILIA CONCENTRE 70CL VP,,SICILIA,BTL,70CL,TEISSEIRE FRANCE S.A.S
75490,c10-1100001606,SICILIA CONCENTRE 50CL VP,,SICILIA,BTL,50CL,TEISSEIRE FRANCE S.A.S
75493,c10-1100002842,SICILIA CONCENTRE CITRON VERT 70CL VP,84sogge-1344,SICILIA,BTL,70CL,TEISSEIRE FRANCE S.A.S
75495,c10-1100001538,SIRODIS SIROP GRENADINE 4L BID,,SIRODIS,BID,4L,TEISSEIRE FRANCE S.A.S
75497,c10-1100001559,SIRODIS SIROP ORANGE 4L BID,,SIRODIS,BID,4L,TEISSEIRE FRANCE S.A.S
75496,c10-1100001548,SIRODIS SIROP MENTHE VERTE 4L BID,,SIRODIS,BID,4L,TEISSEIRE FRANCE S.A.S
75494,c10-1100001539,SIRODIS SIROP CITRON 4L BID,,SIRODIS,BID,4L,TEISSEIRE FRANCE S.A.S
75523,c10-1100002924,TAIGA SIROP ORANGE 1L PET,,TAIGA,PET,1L,TEISSEIRE FRANCE S.A.S
75518,c10-1100003417,TAIGA SIROP KIWI 1L,,TAIGA,BTL,1L,TEISSEIRE FRANCE S.A.S
75505,c10-1100003753,TAIGA SIROP CITRON 0% 1L PET,,TAIGA,PET,1L,TEISSEIRE FRANCE S.A.S
75500,c10-1100003126,TAIGA SIROP ANIS 1L PET,,TAIGA,PET,1L,TEISSEIRE FRANCE S.A.S
75521,c10-1100000828,TAIGA SIROP MENTHE VERTE 1L,,TAIGA,BTL,1L,TEISSEIRE FRANCE S.A.S
75501,c10-1100003421,TAIGA SIROP BANANE 1L,,TAIGA,BTL,1L,TEISSEIRE FRANCE S.A.S
75498,c10-1100003894,TAIGA SIROP AGRUMES 0% 1L PET,,TAIGA,PET,1L,TEISSEIRE FRANCE S.A.S
75506,c10-1100000823,TAIGA SIROP CITRON 1L,,TAIGA,BTL,1L,TEISSEIRE FRANCE S.A.S
75499,c10-1100001796,TAIGA SIROP ANIS 1L,,TAIGA,BTL,1L,TEISSEIRE FRANCE S.A.S
75517,c10-1100002923,TAIGA SIROP GRENADINE 1L PET,,TAIGA,PET,1L,TEISSEIRE FRANCE S.A.S
75508,c10-1100003094,TAIGA SIROP CITRON 70CL,,TAIGA,BTL,70CL,TEISSEIRE FRANCE S.A.S
75520,c10-1200022281,TAIGA SIROP MENTHE 1L PET,,TAIGA,PET,1L,TEISSEIRE FRANCE S.A.S
75528,c10-1100003420,TAIGA SUCRE CANNE 1L,,TAIGA,BTL,1L,TEISSEIRE FRANCE S.A.S
75513,c10-1100002922,TAIGA SIROP FRAISE 1L PET,,TAIGA,PET,1L,TEISSEIRE FRANCE S.A.S
75516,c10-1100000826,TAIGA SIROP GRENADINE 1L,,TAIGA,BTL,1L,TEISSEIRE FRANCE S.A.S
75519,c10-1100003897,TAIGA SIROP MENTHE 0% 1L PET,,TAIGA,PET,1L,TEISSEIRE FRANCE S.A.S
75502,c10-1100003419,TAIGA SIROP CARAMEL 1L,,TAIGA,BTL,1L,TEISSEIRE FRANCE S.A.S
75526,c10-1100000836,TAIGA SIROP PECHE 1L,,TAIGA,BTL,1L,TEISSEIRE FRANCE S.A.S
75514,c10-1100003491,TAIGA SIROP FRAMBOISE 1L,,TAIGA,BTL,1L,TEISSEIRE FRANCE S.A.S
75525,c10-1200001918,TAIGA SIROP ORGEAT 1L,,TAIGA,BTL,1L,TEISSEIRE FRANCE S.A.S
75515,c10-1100003896,TAIGA SIROP GRENADINE 0% 1L PET,,TAIGA,PET,1L,TEISSEIRE FRANCE S.A.S
75512,c10-1100000825,TAIGA SIROP FRAISE 1L,,TAIGA,BTL,1L,TEISSEIRE FRANCE S.A.S
75507,c10-1100002925,TAIGA SIROP CITRON 1L PET,,TAIGA,PET,1L,TEISSEIRE FRANCE S.A.S
75527,c10-1100003418,TAIGA SIROP VIOLETTE 1L,,TAIGA,BTL,1L,TEISSEIRE FRANCE S.A.S
75522,c10-1100000921,TAIGA SIROP ORANGE 1L,,TAIGA,BTL,1L,TEISSEIRE FRANCE S.A.S
75510,c10-1100006263,TAIGA SIROP CITRON SS SUCRE 1L,,TAIGA,BTL,1L,TEISSEIRE FRANCE S.A.S
75503,c10-1100000835,TAIGA SIROP CASSIS 1L,,TAIGA,BTL,1L,TEISSEIRE FRANCE S.A.S
75504,c10-1100003422,TAIGA SIROP CERISE 1L,,TAIGA,BTL,1L,TEISSEIRE FRANCE S.A.S
75524,c10-1100003992,TAIGA SIROP ORANGE 70CL,,TAIGA,BTL,70CL,TEISSEIRE FRANCE S.A.S
75511,c10-1100003895,TAIGA SIROP FRAISE 0% 1L PET,,TAIGA,PET,1L,TEISSEIRE FRANCE S.A.S
75509,c10-1100000824,TAIGA SIROP CITRON ACIDE 1L,,TAIGA,BTL,1L,TEISSEIRE FRANCE S.A.S
82132,mp-3536,TEISSEIRE CACTUS VP 15X33 CL,,TEISSEIRE,,,TEISSEIRE FRANCE S.A.S
75608,c10-1200033344,TEISSEIRE SIROP BARMAN PECHE 0% 60CL BID,,TEISSEIRE,BTL,60CL,TEISSEIRE FRANCE S.A.S
75534,c10-1100003776,TEISSEIRE SIROP ANIS 60CL,,TEISSEIRE,BID,60CL,TEISSEIRE FRANCE S.A.S
75672,c10-1100003786,TEISSEIRE SIROP POMME 60CL,,TEISSEIRE,BID,60CL,TEISSEIRE FRANCE S.A.S
75618,c10-1100006981,TEISSEIRE SIROP BARMAN POMME VERTE 1L,,TEISSEIRE,BTL,1L,TEISSEIRE FRANCE S.A.S
82566,mp-5810,SOLTISEO FRAISE 100 CL,,TEISSEIRE,,,TEISSEIRE FRANCE S.A.S
75649,c10-1100003838,TEISSEIRE SIROP GRENADINE 0% 3L BIB,,TEISSEIRE,BIB,3L,TEISSEIRE FRANCE S.A.S
75545,c10-1100006916,TEISSEIRE SIROP BARMAN BASILIC 70CL,,TEISSEIRE,BTL,70CL,TEISSEIRE FRANCE S.A.S
75655,c10-1100002002,TEISSEIRE SIROP MENTHE 75CL BID,,TEISSEIRE,BID,75CL,TEISSEIRE FRANCE S.A.S
85539,fb-17135,TEISSEIRE SIROP FRAISE             100CL,,TEISSEIRE,,,TEISSEIRE FRANCE S.A.S
75622,c10-1100001387,TEISSEIRE SIROP BARMAN ROSE 1L,,TEISSEIRE,BTL,1L,TEISSEIRE FRANCE S.A.S
82561,mp-5804,SOLTISEO MENTHE VERTE 100 CL,,TEISSEIRE,,,TEISSEIRE FRANCE S.A.S
75650,c10-1100003938,TEISSEIRE SIROP GRENADINE 1.5L BID,,TEISSEIRE,BID,1.5L,TEISSEIRE FRANCE S.A.S
82552,mp-2124,TEISSEIRE MENTHE VERTE 100 CL,,TEISSEIRE,,,TEISSEIRE FRANCE S.A.S
75652,c10-1100003780,TEISSEIRE SIROP KIWI 60CL,,TEISSEIRE,BID,60CL,TEISSEIRE FRANCE S.A.S
82601,mp-130257,TAIGA CITRON PET 100 CL,,TEISSEIRE,,,TEISSEIRE FRANCE S.A.S
75620,c10-1100004940,TEISSEIRE SIROP BARMAN RHUM 0 SUCRE 70CL,,TEISSEIRE,BTL,70CL,TEISSEIRE FRANCE S.A.S
75679,c10-1100003790,TEISSEIRE SIROP TROPICAL EXOTIQUE 75CL,,TEISSEIRE,BID,75CL,TEISSEIRE FRANCE S.A.S
75610,c10-1200034392,TEISSEIRE SIROP BARMAN PECHE 60CL BID,,TEISSEIRE,BID,60CL,TEISSEIRE FRANCE S.A.S
75641,c10-1100003681,TEISSEIRE SIROP COLA 0% 60CL BID,,TEISSEIRE,BID,60CL,TEISSEIRE FRANCE S.A.S
75666,c10-1100007811,TEISSEIRE SIROP PASSION 70CL,,TEISSEIRE,BTL,70CL,TEISSEIRE FRANCE S.A.S
82608,mp-250018,TAIGA ORGEAT  100CL,,TEISSEIRE,,,TEISSEIRE FRANCE S.A.S
75535,c10-1100002583,TEISSEIRE SIROP BARMAN AGRUM 0% 1L,,TEISSEIRE,BTL,1L,TEISSEIRE FRANCE S.A.S
75588,c10-1100006754,TEISSEIRE SIROP BARMAN MELON 70CL,,TEISSEIRE,BTL,70CL,TEISSEIRE FRANCE S.A.S
82598,mp-2994,TAIGA CITRON ACIDE 100 CL,,TEISSEIRE,,,TEISSEIRE FRANCE S.A.S
75538,c10-1100003775,TEISSEIRE SIROP BARMAN ANANAS 60CL,,TEISSEIRE,BID,60CL,TEISSEIRE FRANCE S.A.S
75653,c10-1100003363,TEISSEIRE SIROP MENTHE 0% 75CL BID,,TEISSEIRE,BID,75CL,TEISSEIRE FRANCE S.A.S
75665,c10-1100003785,TEISSEIRE SIROP PASSION 60CL,,TEISSEIRE,BID,60CL,TEISSEIRE FRANCE S.A.S
75625,c10-1100006974,TEISSEIRE SIROP BARMAN SPRITZ 70CL,,TEISSEIRE,BTL,70CL,TEISSEIRE FRANCE S.A.S
82565,mp-5809,SOLTISEO CASSIS 100 CL,,TEISSEIRE,,,TEISSEIRE FRANCE S.A.S
75533,c10-1100004005,TEISSEIRE SIROP ANANAS COCO 0% 60CL,,TEISSEIRE,BID,60CL,TEISSEIRE FRANCE S.A.S
75596,c10-1200006217,TEISSEIRE SIROP BARMAN MURE 1L,,TEISSEIRE,BTL,1L,TEISSEIRE FRANCE S.A.S
75606,c10-1100000549,TEISSEIRE SIROP BARMAN PAMP LITCHI 70CL,,TEISSEIRE,BTL,70CL,TEISSEIRE FRANCE S.A.S
75636,c10-1100003837,TEISSEIRE SIROP CERISE 0% 3L BIB,,TEISSEIRE,BIB,3L,TEISSEIRE FRANCE S.A.S
75633,c10-1100006912,TEISSEIRE SIROP BASILIC 1L,,TEISSEIRE,BTL,1L,TEISSEIRE FRANCE S.A.S
75639,c10-1100002001,TEISSEIRE SIROP CITRON 75CL BID,,TEISSEIRE,BTL,75CL,TEISSEIRE FRANCE S.A.S
75624,c10-1100001197,TEISSEIRE SIROP BARMAN SPORT PECHE 1L,,TEISSEIRE,BTL,1L,TEISSEIRE FRANCE S.A.S
82560,mp-5802,SOLTISEO CITRON 100 CL,,TEISSEIRE,,,TEISSEIRE FRANCE S.A.S
75677,c10-1100003937,TEISSEIRE SIROP TROPICAL 1.5L BID,,TEISSEIRE,BID,1.5L,TEISSEIRE FRANCE S.A.S
75647,c10-1100003779,TEISSEIRE SIROP FRAMBOISE 60CL BID,,TEISSEIRE,BID,60CL,TEISSEIRE FRANCE S.A.S
82600,mp-130256,TAIGA MENTHE PET 100 CL,,TEISSEIRE,,,TEISSEIRE FRANCE S.A.S
75663,c10-1100004844,TEISSEIRE SIROP PAMPLEMOUSSE ROSE 4L,,TEISSEIRE,BTL,4L,TEISSEIRE FRANCE S.A.S
82607,mp-250016,TAIGA FRAISE  100CL,,TEISSEIRE,,,TEISSEIRE FRANCE S.A.S
75642,c10-1100003789,TEISSEIRE SIROP COLA 75CL BID,,TEISSEIRE,BID,75CL,TEISSEIRE FRANCE S.A.S
75640,c10-1200034391,TEISSEIRE SIROP CITRON VERT 60CL,,TEISSEIRE,BID,60CL,TEISSEIRE FRANCE S.A.S
75676,c10-1100003680,TEISSEIRE SIROP TROPICAL 0% 60CL BID,,TEISSEIRE,BID,60CL,TEISSEIRE FRANCE S.A.S
75562,c10-1100007120,TEISSEIRE SIROP BARMAN CITRON VERT 1L,,TEISSEIRE,BTL,1L,TEISSEIRE FRANCE S.A.S
75658,c10-1100003893,TEISSEIRE SIROP MOJITO 60CL,,TEISSEIRE,BID,60CL,TEISSEIRE FRANCE S.A.S
75643,c10-1200009786,TEISSEIRE SIROP FRAISE 60CL,,TEISSEIRE,BTL,60CL,TEISSEIRE FRANCE S.A.S
75550,c10-1100006488,TEISSEIRE SIROP BARMAN CARAMEL 70CL,,TEISSEIRE,BTL,70CL,TEISSEIRE FRANCE S.A.S
75536,c10-1100003774,TEISSEIRE SIROP BARMAN AGRUM 75CL,,TEISSEIRE,BID,75CL,TEISSEIRE FRANCE S.A.S
82597,mp-2993,TAIGA GRENADINE 100 CL,,TEISSEIRE,,,TEISSEIRE FRANCE S.A.S
75530,c10-1100003783,TEISSEIRE PAMPLEMOUSSE ROSE 60CL,,TEISSEIRE,BID,60CL,TEISSEIRE FRANCE S.A.S
82604,mp-130263,TAIGA PECHE  PET 100 CL,,TEISSEIRE,,,TEISSEIRE FRANCE S.A.S
75540,c10-1100003506,TEISSEIRE SIROP BARMAN ANIS 1L,,TEISSEIRE,BTL,1L,TEISSEIRE FRANCE S.A.S
82564,mp-5807,SOLTISEO CITRON ACIDE 100 CL,,TEISSEIRE,,,TEISSEIRE FRANCE S.A.S
75675,c10-1100004004,TEISSEIRE SIROP THE PECHE 1.5L BID,,TEISSEIRE,BID,1.5L,TEISSEIRE FRANCE S.A.S
75576,c10-1200006076,TEISSEIRE SIROP BARMAN GRENADINE 0% 1L,,TEISSEIRE,BTL,1L,TEISSEIRE FRANCE S.A.S
75560,c10-1100005481,TEISSEIRE SIROP BARMAN CITRON ACIDE 1L,,TEISSEIRE,BTL,1L,TEISSEIRE FRANCE S.A.S
75574,c10-1100006820,TEISSEIRE SIROP BARMAN GINGEMBRE 70CL,,TEISSEIRE,BTL,70CL,TEISSEIRE FRANCE S.A.S
75613,c10-1100000534,TEISSEIRE SIROP BARMAN POIRE CARAM 70CL,,TEISSEIRE,BTL,70CL,TEISSEIRE FRANCE S.A.S
75678,c10-1100001999,TEISSEIRE SIROP TROPICAL EXOTIQUE 60CL,,TEISSEIRE,BTL,60CL,TEISSEIRE FRANCE S.A.S
75668,c10-1200021841,TEISSEIRE SIROP PECHE 2L,,TEISSEIRE,BTL,2L,TEISSEIRE FRANCE S.A.S
75637,c10-1100003778,TEISSEIRE SIROP CERISE 60CL,,TEISSEIRE,BTL,60CL,TEISSEIRE FRANCE S.A.S
82599,mp-130255,TAIGA GRENADINE PET 100 CL,,TEISSEIRE,,,TEISSEIRE FRANCE S.A.S
82606,mp-250015,TAIGA CITRON  100CL,,TEISSEIRE,,,TEISSEIRE FRANCE S.A.S
75659,c10-1100003788,TEISSEIRE SIROP MULTIFRUIT 75CL BID,,TEISSEIRE,BID,75CL,TEISSEIRE FRANCE S.A.S
75577,c10-1200033346,TEISSEIRE SIROP BARMAN GRENADINE 0% 60CL,,TEISSEIRE,BTL,60CL,TEISSEIRE FRANCE S.A.S
75646,c10-1100003679,TEISSEIRE SIROP FRAMBOISE 0% 60CL BID,,TEISSEIRE,BID,60CL,TEISSEIRE FRANCE S.A.S
75565,c10-1100007024,TEISSEIRE SIROP BARMAN CONCOMBRE 1L,,TEISSEIRE,BTL,1L,TEISSEIRE FRANCE S.A.S
82568,mp-5812,SOLTISEO VIOLETTE 100 CL,,TEISSEIRE,,,TEISSEIRE FRANCE S.A.S
75657,c10-1100003840,TEISSEIRE SIROP MENTHE VERTE 0% 3L BIB,,TEISSEIRE,BIB,3L,TEISSEIRE FRANCE S.A.S
75651,c10-1100003773,TEISSEIRE SIROP GRENADINE 75CL,,TEISSEIRE,BID,75CL,TEISSEIRE FRANCE S.A.S
75570,c10-1200007382,TEISSEIRE SIROP BARMAN FRAISE 0% 1L,,TEISSEIRE,BTL,1L,TEISSEIRE FRANCE S.A.S
75542,c10-1100006303,TEISSEIRE SIROP BARMAN BANANE 1L,,TEISSEIRE,BTL,1L,TEISSEIRE FRANCE S.A.S
75590,c10-1100001748,TEISSEIRE SIROP BARMAN MENTHE 0% 1L,,TEISSEIRE,BTL,1L,TEISSEIRE FRANCE S.A.S
75567,c10-1100003169,TEISSEIRE SIROP BARMAN CURACAO 1L,,TEISSEIRE,BTL,1L,TEISSEIRE FRANCE S.A.S
82596,mp-2992,TAIGA MENTHE VERTE 100 CL,,TEISSEIRE,,,TEISSEIRE FRANCE S.A.S
82603,mp-130259,TAIGA FRAISE  PET 100 CL,,TEISSEIRE,,,TEISSEIRE FRANCE S.A.S
82563,mp-5806,SOLTISEO ANIS 100 CL,,TEISSEIRE,,,TEISSEIRE FRANCE S.A.S
75654,c10-1100004003,TEISSEIRE SIROP MENTHE 1.5L BID,,TEISSEIRE,BID,1.5L,TEISSEIRE FRANCE S.A.S
75660,c10-1100003782,TEISSEIRE SIROP ORGEAT 60CL,,TEISSEIRE,BID,60CL,TEISSEIRE FRANCE S.A.S
82492,mp-6090,TEISSEIRE CANELLE 70 CL,,TEISSEIRE,,,TEISSEIRE FRANCE S.A.S
75635,c10-1100005410,TEISSEIRE SIROP CASSIS 70CL,,TEISSEIRE,BTL,70CL,TEISSEIRE FRANCE S.A.S
75645,c10-1100003683,TEISSEIRE SIROP FRAMB CRANB 0% 60CL BID,,TEISSEIRE,BID,60CL,TEISSEIRE FRANCE S.A.S
75531,c10-1100006766,TEISSEIRE SIR BARM MENTHE GLACIALE 1L,,TEISSEIRE,BTL,1L,TEISSEIRE FRANCE S.A.S
75599,c10-1100000533,TEISSEIRE SIROP BARMAN NECTARINE 70CL,,TEISSEIRE,BTL,70CL,TEISSEIRE FRANCE S.A.S
75579,c10-1100001827,TEISSEIRE SIROP BARMAN GRENADINE 70CL,,TEISSEIRE,BTL,70CL,TEISSEIRE FRANCE S.A.S
82595,mp-150530,TAIGA ORANGE CONCENTRE 70 CL,,TEISSEIRE,,,TEISSEIRE FRANCE S.A.S
75634,c10-1100003777,TEISSEIRE SIROP CASSIS 60CL,,TEISSEIRE,BID,60CL,TEISSEIRE FRANCE S.A.S
82605,mp-250014,TAIGA CASSIS 100CL,,TEISSEIRE,,,TEISSEIRE FRANCE S.A.S
75680,c10-1100003787,TEISSEIRE SIROP VIOLETTE 60CL,,TEISSEIRE,BID,60CL,TEISSEIRE FRANCE S.A.S
75559,c10-1200033345,TEISSEIRE SIROP BARMAN CITRON 0% 60CL,,TEISSEIRE,BTL,60CL,TEISSEIRE FRANCE S.A.S
75529,c10-1100003622,TEISSEIRE CRISTAL CLEAR MINT 70CL,,TEISSEIRE,BTL,70CL,TEISSEIRE FRANCE S.A.S
75569,c10-1100007023,TEISSEIRE SIROP BARMAN FLEUR SUREAU 1L,,TEISSEIRE,BTL,1L,TEISSEIRE FRANCE S.A.S
82567,mp-5811,SOLTISEO PECHE 100 CL,,TEISSEIRE,,,TEISSEIRE FRANCE S.A.S
75661,c10-1100004055,TEISSEIRE SIROP PAMPLEMOUSSE 0% 60CL BID,,TEISSEIRE,BID,60CL,TEISSEIRE FRANCE S.A.S
83813,fb-16678,TEISSEIRE SIROP FRUIT PASSION      100CL,,TEISSEIRE,,,TEISSEIRE FRANCE S.A.S
75558,c10-1200007381,TEISSEIRE SIROP BARMAN CITRON 0% 1L,,TEISSEIRE,BTL,1L,TEISSEIRE FRANCE S.A.S
75614,c10-1100000551,TEISSEIRE SIROP BARMAN POM GINGEMB 70CL,,TEISSEIRE,BTL,70CL,TEISSEIRE FRANCE S.A.S
75582,c10-1100000528,TEISSEIRE SIROP BARMAN JUCCI 1L,,TEISSEIRE,BTL,1L,TEISSEIRE FRANCE S.A.S
75638,c10-1100003839,TEISSEIRE SIROP CITRON 0% 3L BIB,,TEISSEIRE,BIB,3L,TEISSEIRE FRANCE S.A.S
75671,c10-1100002004,TEISSEIRE SIROP POMEGRANATE 70CL,,TEISSEIRE,BTL,70CL,TEISSEIRE FRANCE S.A.S
75670,c10-1100003140,TEISSEIRE SIROP PECHE BIO 70CL,,TEISSEIRE,BTL,70CL,TEISSEIRE FRANCE S.A.S
82602,mp-130258,TAIGA ORGEAT PET 100 CL,,TEISSEIRE,,,TEISSEIRE FRANCE S.A.S
82562,mp-5805,SOLTISEO ORANGE 100 CL,,TEISSEIRE,,,TEISSEIRE FRANCE S.A.S
75656,c10-1100003781,TEISSEIRE SIROP MENTHE GLACEE 60CL,,TEISSEIRE,BID,60CL,TEISSEIRE FRANCE S.A.S
75630,c10-1100005370,TEISSEIRE SIROP BARMAN VANILLE 1L,,TEISSEIRE,BTL,1L,TEISSEIRE FRANCE S.A.S
75669,c10-1100003791,TEISSEIRE SIROP PECHE 75CL,,TEISSEIRE,BID,75CL,TEISSEIRE FRANCE S.A.S
75591,c10-1100003682,TEISSEIRE SIROP BARMAN MENTHE 0% 60CL,,TEISSEIRE,BTL,60CL,TEISSEIRE FRANCE S.A.S
75600,c10-1100001810,TEISSEIRE SIROP BARMAN NOISETTE 1L,,TEISSEIRE,BTL,1L,TEISSEIRE FRANCE S.A.S
82594,mp-150529,TAIGA CITRON CONCENTRE 70 CL,,TEISSEIRE,,,TEISSEIRE FRANCE S.A.S
75644,c10-1100002584,TEISSEIRE SIROP FRAISE CRANBERRY 0% 1L,,TEISSEIRE,BTL,1L,TEISSEIRE FRANCE S.A.S
75594,c10-1100006755,TEISSEIRE SIROP BARMAN MIRABELLE 70CL,,TEISSEIRE,BTL,70CL,TEISSEIRE FRANCE S.A.S
75667,c10-1200023669,TEISSEIRE SIROP PASTEQUE 70CL,82sogge-1,TEISSEIRE,BTL,70CL,TEISSEIRE FRANCE S.A.S
82540,mp-260346,TEISSEIRE  PASTEQUE 70CL,82sogge-1,TEISSEIRE,,,TEISSEIRE FRANCE S.A.S
86328,c10-1000000003,PUREE PECHE M TEISSEIRE 1L,82sogge-10,TEISSEIRE,,,TEISSEIRE FRANCE S.A.S
86321,fb-280195,PUREE PECHE M TEISSEIRE 1L,82sogge-10,TEISSEIRE,,,TEISSEIRE FRANCE S.A.S
82543,mp-2109,TEISSEIRE PECHE 100 CL,82sogge-11,TEISSEIRE,,,TEISSEIRE FRANCE S.A.S
75609,c10-1100000531,TEISSEIRE SIROP BARMAN PECHE 1L,82sogge-11,TEISSEIRE,BTL,1L,TEISSEIRE FRANCE S.A.S
85547,fb-20182,TEISSEIRE SIROP PECHE              100CL,82sogge-11,TEISSEIRE,,,TEISSEIRE FRANCE S.A.S
82554,mp-2392,TEISSEIRE THE PECHE 100 CL,82sogge-12,TEISSEIRE,,,TEISSEIRE FRANCE S.A.S
75627,c10-1100000527,TEISSEIRE SIROP BARMAN THE PECHE 1L,82sogge-12,TEISSEIRE,BTL,1L,TEISSEIRE FRANCE S.A.S
86317,fb-280196,PUREE FRAISE M TEISSEIRE 1L,82sogge-13,TEISSEIRE,,,TEISSEIRE FRANCE S.A.S
86324,c10-1000000004,PUREE FRAISE M TEISSEIRE 1L,82sogge-13,TEISSEIRE,,,TEISSEIRE FRANCE S.A.S
75571,c10-1100000530,TEISSEIRE SIROP BARMAN FRAISE 1L,82sogge-14,TEISSEIRE,BTL,1L,TEISSEIRE FRANCE S.A.S
82549,mp-2121,TEISSEIRE FRAISE 100 CL,82sogge-14,TEISSEIRE,,,TEISSEIRE FRANCE S.A.S
86326,c10-1000000002,PUREE MANGUE M TEISSEIRE 1L,82sogge-15,TEISSEIRE,,,TEISSEIRE FRANCE S.A.S
86319,fb-280194,PUREE MANGUE M TEISSEIRE 1L,82sogge-15,TEISSEIRE,,,TEISSEIRE FRANCE S.A.S
82507,mp-9166,TEISSEIRE MANGUE 70 CL,82sogge-16,TEISSEIRE,,,TEISSEIRE FRANCE S.A.S
75586,c10-1100000827,TEISSEIRE SIROP BARMAN MANGUE 70CL,82sogge-16,TEISSEIRE,BTL,70CL,TEISSEIRE FRANCE S.A.S
82535,mp-260082,TEISSEIRE MANGUE 70 CL,82sogge-16,TEISSEIRE,,,TEISSEIRE FRANCE S.A.S
86320,fb-280193,PUREE PASSION M TEISSEIRE 1L,82sogge-17,TEISSEIRE,,,TEISSEIRE FRANCE S.A.S
86327,c10-1000000001,PUREE PASSION M TEISSEIRE 1L,82sogge-17,TEISSEIRE,,,TEISSEIRE FRANCE S.A.S
82542,mp-2106,TEISSEIRE PASSION 100 CL,82sogge-18,TEISSEIRE,,,TEISSEIRE FRANCE S.A.S
75607,c10-1100000521,TEISSEIRE SIROP BARMAN PASSION 1L,82sogge-18,TEISSEIRE,BTL,1L,TEISSEIRE FRANCE S.A.S
75537,c10-1100001169,TEISSEIRE SIROP BARMAN AMARETTO 70CL,82sogge-19,TEISSEIRE,BTL,70CL,TEISSEIRE FRANCE S.A.S
82517,mp-10397,TEISSEIRE AMARETTO 70 CL,82sogge-19,TEISSEIRE,,,TEISSEIRE FRANCE S.A.S
75593,c10-1100000524,TEISSEIRE SIROP BARMAN MENTHE VERTE 1L,82sogge-2,TEISSEIRE,BTL,1L,TEISSEIRE FRANCE S.A.S
85543,fb-17131,TEISSEIRE SIROP MENTHE VERTE       100CL,82sogge-2,TEISSEIRE,,,TEISSEIRE FRANCE S.A.S
75539,c10-1100000879,TEISSEIRE SIROP BARMAN ANANAS 70CL,82sogge-20,TEISSEIRE,BTL,70CL,TEISSEIRE FRANCE S.A.S
82504,mp-8083,TEISSEIRE ANANAS 70 CL,82sogge-20,TEISSEIRE,,,TEISSEIRE FRANCE S.A.S
82534,mp-260063,TEISSEIRE ANANAS 70 CL,82sogge-20,TEISSEIRE,,,TEISSEIRE FRANCE S.A.S
75547,c10-1100000898,TEISSEIRE SIROP BARMAN CACTUS 70CL,82sogge-21,TEISSEIRE,BTL,70CL,TEISSEIRE FRANCE S.A.S
82512,mp-9326,TEISSEIRE GOUT CACTUS  70 CL,82sogge-21,TEISSEIRE,,,TEISSEIRE FRANCE S.A.S
75626,c10-1100000517,TEISSEIRE SIROP BARMAN SUCRE DE CANNE 1L,82sogge-22,TEISSEIRE,BTL,1L,TEISSEIRE FRANCE S.A.S
85548,fb-10702,TEISSEIRE SUCRE DE CANNE LIQUIDE   100CL,82sogge-22,TEISSEIRE,,,TEISSEIRE FRANCE S.A.S
82545,mp-2112,TEISSEIRE SUCRE CANNE  100CL,82sogge-22,TEISSEIRE,,,TEISSEIRE FRANCE S.A.S
85536,fb-28142,TEISSEIRE SIROP CARAMEL            100CL,82sogge-23,TEISSEIRE,,,TEISSEIRE FRANCE S.A.S
82556,mp-5730,TEISSEIRE CARAMEL 100 CL,82sogge-23,TEISSEIRE,,,TEISSEIRE FRANCE S.A.S
75549,c10-1100000532,TEISSEIRE SIROP BARMAN CARAMEL 1L,82sogge-23,TEISSEIRE,BTL,1L,TEISSEIRE FRANCE S.A.S
75551,c10-1100000525,TEISSEIRE SIROP BARMAN CASSIS 1L,82sogge-24,TEISSEIRE,BTL,1L,TEISSEIRE FRANCE S.A.S
82550,mp-2122,TEISSEIRE CASSIS 100 CL,82sogge-24,TEISSEIRE,,,TEISSEIRE FRANCE S.A.S
85537,fb-19249,TEISSEIRE SIROP CASSIS             100CL,82sogge-24,TEISSEIRE,,,TEISSEIRE FRANCE S.A.S
75552,c10-1100000840,TEISSEIRE SIROP BARMAN CERISE 1L,82sogge-25,TEISSEIRE,BTL,1L,TEISSEIRE FRANCE S.A.S
83811,fb-16679,TEISSEIRE SIROP CERISE            100 CL,82sogge-25,TEISSEIRE,,,TEISSEIRE FRANCE S.A.S
82558,mp-140222,TEISSEIRE CERISE 100 CL,82sogge-25,TEISSEIRE,,,TEISSEIRE FRANCE S.A.S
75553,c10-1100000540,TEISSEIRE SIROP BARMAN CERISE 70CL,82sogge-26,TEISSEIRE,BTL,70CL,TEISSEIRE FRANCE S.A.S
82493,mp-6091,TEISSEIRE CERISE 70 CL,82sogge-26,TEISSEIRE,,,TEISSEIRE FRANCE S.A.S
75557,c10-1100001016,TEISSEIRE SIROP BARMAN CHOCOLAT BLC 70CL,82sogge-27,TEISSEIRE,BTL,70CL,TEISSEIRE FRANCE S.A.S
82518,mp-22063,TEISSEIRE CHOCOLAT BLANC 70 CL,82sogge-27,TEISSEIRE,,,TEISSEIRE FRANCE S.A.S
82513,mp-9809,TEISSEIRE CHOCOLAT 70 CL,82sogge-28,TEISSEIRE,,,TEISSEIRE FRANCE S.A.S
75556,c10-1100001174,TEISSEIRE SIROP BARMAN CHOCOLAT 70CL,82sogge-28,TEISSEIRE,BTL,70CL,TEISSEIRE FRANCE S.A.S
85538,fb-17132,TEISSEIRE SIROP CITRON CLAIR       100CL,82sogge-29,TEISSEIRE,,,TEISSEIRE FRANCE S.A.S
75561,c10-1100000519,TEISSEIRE SIROP BARMAN CITRON CLAIR 1L,82sogge-29,TEISSEIRE,BTL,1L,TEISSEIRE FRANCE S.A.S
82553,mp-2125,TEISSEIRE CITRON CLAIR 100 CL,82sogge-29,TEISSEIRE,,,TEISSEIRE FRANCE S.A.S
82523,mp-22699,TEISSEIRE CHATAIGNE 70CL,82sogge-3,TEISSEIRE,,,TEISSEIRE FRANCE S.A.S
75555,c10-1100001415,TEISSEIRE SIROP BARMAN CHATAIGNE 70CL,82sogge-3,TEISSEIRE,BTL,70CL,TEISSEIRE FRANCE S.A.S
75564,c10-1100005638,TEISSEIRE SIROP BARMAN CONCOMBRE  70CL,82sogge-30,TEISSEIRE,BTL,70CL,TEISSEIRE FRANCE S.A.S
82533,mp-160903,TEISSEIRE CONCOMBRE 70CL,82sogge-30,TEISSEIRE,,,TEISSEIRE FRANCE S.A.S
75566,c10-1100001480,TEISSEIRE SIROP BARMAN CRANBERRY 70CL,82sogge-31,TEISSEIRE,BTL,70CL,TEISSEIRE FRANCE S.A.S
82508,mp-9312,TEISSEIRE CRANBERRY 70 CL,82sogge-31,TEISSEIRE,,,TEISSEIRE FRANCE S.A.S
75568,c10-1100000822,TEISSEIRE SIROP BARMAN CURACAO 70CL,82sogge-32,TEISSEIRE,BTL,70CL,TEISSEIRE FRANCE S.A.S
82536,mp-260084,TEISSEIRE CURACAO BLEU 70CL,82sogge-32,TEISSEIRE,,,TEISSEIRE FRANCE S.A.S
82531,mp-140227,TEISSEIRE FLEUR DE SUREAU 70CL,82sogge-33,TEISSEIRE,,,TEISSEIRE FRANCE S.A.S
75673,c10-1100003759,TEISSEIRE SIROP SUREAU 70CL,82sogge-33,TEISSEIRE,BTL,70CL,TEISSEIRE FRANCE S.A.S
75674,c10-1100002683,TEISSEIRE SIROP TEQUILA 70CL,82sogge-34,TEISSEIRE,BTL,70CL,TEISSEIRE FRANCE S.A.S
82526,mp-130107,TEISSEIRE GOUT TEQUILA  70 CL,82sogge-34,TEISSEIRE,,,TEISSEIRE FRANCE S.A.S
75575,c10-1200006970,TEISSEIRE SIROP BARMAN GRENADE 70CL,82sogge-35,TEISSEIRE,BTL,70CL,TEISSEIRE FRANCE S.A.S
82521,mp-22572,TEISSEIRE GRENADE 70 CL,82sogge-35,TEISSEIRE,,,TEISSEIRE FRANCE S.A.S
82547,mp-2119,TEISSEIRE GRENADINE 100 CL,82sogge-36,TEISSEIRE,,,TEISSEIRE FRANCE S.A.S
75578,c10-1100000520,TEISSEIRE SIROP BARMAN GRENADINE 1L,82sogge-36,TEISSEIRE,BTL,1L,TEISSEIRE FRANCE S.A.S
85540,fb-17136,TEISSEIRE SIROP GRENADINE          100CL,82sogge-36,TEISSEIRE,,,TEISSEIRE FRANCE S.A.S
75583,c10-1100000522,TEISSEIRE SIROP BARMAN KIWI 1L,82sogge-37,TEISSEIRE,BTL,1L,TEISSEIRE FRANCE S.A.S
85542,fb-16684,TEISSEIRE SIROP KIWI               100CL,82sogge-37,TEISSEIRE,,,TEISSEIRE FRANCE S.A.S
82546,mp-2116,TEISSEIRE KIWI 100 CL,82sogge-37,TEISSEIRE,,,TEISSEIRE FRANCE S.A.S
82524,mp-130105,TEISSEIRE LITCHI 70 CL,82sogge-38,TEISSEIRE,,,TEISSEIRE FRANCE S.A.S
75584,c10-1200020784,TEISSEIRE SIROP BARMAN LITCHI 70CL,82sogge-38,TEISSEIRE,BTL,70CL,TEISSEIRE FRANCE S.A.S
75585,c10-1100000535,TEISSEIRE SIROP BARMAN MANDARI CIT 70CL,82sogge-39,TEISSEIRE,BTL,70CL,TEISSEIRE FRANCE S.A.S
82537,mp-260085,TEISSEIRE MAND/CITR VERT 70CL,82sogge-39,TEISSEIRE,,,TEISSEIRE FRANCE S.A.S
82551,mp-2123,TEISSEIRE JUCCI CITRON 100 CL,82sogge-4,TEISSEIRE,,,TEISSEIRE FRANCE S.A.S
85541,fb-20179,TEISSEIRE SIROP JUCCI CITRON ACIDE 100CL,82sogge-4,TEISSEIRE,,,TEISSEIRE FRANCE S.A.S
75587,c10-1100000933,TEISSEIRE SIROP BARMAN MARGARITA 70CL,82sogge-40,TEISSEIRE,BTL,70CL,TEISSEIRE FRANCE S.A.S
82511,mp-9318,TEISSEIRE MARGARITA 70 CL,82sogge-40,TEISSEIRE,,,TEISSEIRE FRANCE S.A.S
75595,c10-1100000949,TEISSEIRE SIROP BARMAN MOJITO 70CL,82sogge-41,TEISSEIRE,BTL,70CL,TEISSEIRE FRANCE S.A.S
82506,mp-8235,TEISSEIRE MOJITO 70 CL,82sogge-41,TEISSEIRE,,,TEISSEIRE FRANCE S.A.S
75598,c10-1100000950,TEISSEIRE SIROP BARMAN MYRTILLE 70CL,82sogge-42,TEISSEIRE,BTL,70CL,TEISSEIRE FRANCE S.A.S
82515,mp-9839,TEISSEIRE MYRTILLE  70 CL,82sogge-42,TEISSEIRE,,,TEISSEIRE FRANCE S.A.S
82541,mp-733,TEISSEIRE ORANGE 100CL,82sogge-43,TEISSEIRE,,,TEISSEIRE FRANCE S.A.S
85544,fb-17134,TEISSEIRE SIROP ORANGE             100CL,82sogge-43,TEISSEIRE,,,TEISSEIRE FRANCE S.A.S
75603,c10-1100000523,TEISSEIRE SIROP BARMAN ORANGE 1L,82sogge-43,TEISSEIRE,BTL,1L,TEISSEIRE FRANCE S.A.S
82548,mp-2120,TEISSEIRE ORGEAT 100 CL,82sogge-44,TEISSEIRE,,,TEISSEIRE FRANCE S.A.S
75604,c10-1100000518,TEISSEIRE SIROP BARMAN ORGEAT 1L,82sogge-44,TEISSEIRE,BTL,1L,TEISSEIRE FRANCE S.A.S
85545,fb-17133,TEISSEIRE SIROP ORGEAT             100CL,82sogge-44,TEISSEIRE,,,TEISSEIRE FRANCE S.A.S
75612,c10-1100003586,TEISSEIRE SIROP BARMAN POIRE 70CL,82sogge-45,TEISSEIRE,BTL,70CL,TEISSEIRE FRANCE S.A.S
82527,mp-140221,TEISSEIRE POIRE 70CL,82sogge-45,TEISSEIRE,,,TEISSEIRE FRANCE S.A.S
82502,mp-6103,TEISSEIRE ROSE 70 CL,82sogge-46,TEISSEIRE,,,TEISSEIRE FRANCE S.A.S
75623,c10-1100000538,TEISSEIRE SIROP BARMAN ROSE 70CL,82sogge-46,TEISSEIRE,BTL,70CL,TEISSEIRE FRANCE S.A.S
75632,c10-1100000529,TEISSEIRE SIROP BARMAN VIOLETTE 1L,82sogge-47,TEISSEIRE,BTL,1L,TEISSEIRE FRANCE S.A.S
83815,fb-28140,TEISSEIRE SIROP VIOLETTE           100CL,82sogge-47,TEISSEIRE,,,TEISSEIRE FRANCE S.A.S
82555,mp-5669,TEISSEIRE VIOLETTE 100 CL,82sogge-47,TEISSEIRE,,,TEISSEIRE FRANCE S.A.S
86318,fb-280197,PUREE FRAMBOISE M TEISSEIRE 1L,82sogge-5,TEISSEIRE,,,TEISSEIRE FRANCE S.A.S
86325,c10-1000000005,PUREE FRAMBOISE M TEISSEIRE 1L,82sogge-5,TEISSEIRE,,,TEISSEIRE FRANCE S.A.S
86323,c10-1000000006,PUREE COCO M TEISSEIRE 1L,82sogge-6,TEISSEIRE,,,TEISSEIRE FRANCE S.A.S
86316,fb-280198,PUREE COCO M TEISSEIRE 1L,82sogge-6,TEISSEIRE,,,TEISSEIRE FRANCE S.A.S
83812,fb-16677,TEISSEIRE SIROP FRAMBOISE          100CL,82sogge-7,TEISSEIRE,,,TEISSEIRE FRANCE S.A.S
75573,c10-1100000526,TEISSEIRE SIROP BARMAN FRAMBOISE 1L,82sogge-7,TEISSEIRE,BTL,1L,TEISSEIRE FRANCE S.A.S
82544,mp-2110,TEISSEIRE FRAMBOISE 100 CL,82sogge-7,TEISSEIRE,,,TEISSEIRE FRANCE S.A.S
82557,mp-8670,TEISSEIRE IRISH CREAM 100 CL,82sogge-8,TEISSEIRE,,,TEISSEIRE FRANCE S.A.S
75580,c10-1100001049,TEISSEIRE SIROP BARMAN IRISH CREAM 1L,82sogge-8,TEISSEIRE,BTL,1L,TEISSEIRE FRANCE S.A.S
82528,mp-140224,TEISSEIRE THE PECHE 70 CL,84sogge-1038,TEISSEIRE,BTL,70CL,TEISSEIRE FRANCE S.A.S
75628,c10-1100003350,TEISSEIRE SIROP BARMAN THE PECHE 70CL,84sogge-1038,TEISSEIRE,BTL,70CL,TEISSEIRE FRANCE S.A.S
83842,fb-103063,TEISSEIRE SIROP THE PECHE          70 CL,84sogge-1038,TEISSEIRE,BTL,70CL,TEISSEIRE FRANCE S.A.S
75664,c10-1100000536,TEISSEIRE SIROP PAMPLEMOUSSE ROSE 70CL,84sogge-1123,TEISSEIRE,BTL,70CL,TEISSEIRE FRANCE S.A.S
85546,fb-76189,TEISSEIRE SIROP PAMPLEMOUSSE ROSE   70CL,84sogge-1123,TEISSEIRE,,,TEISSEIRE FRANCE S.A.S
75619,c10-1200023670,TEISSEIRE SIROP BARMAN POMME VERTE 70CL,84sogge-1223,TEISSEIRE,BTL,70CL,TEISSEIRE FRANCE S.A.S
75616,c10-1100000938,TEISSEIRE SIROP BARMAN POMME AMOUR 70CL,84sogge-1228,TEISSEIRE,BTL,70CL,TEISSEIRE FRANCE S.A.S
75581,c10-1100001759,TEISSEIRE SIROP BARMAN IRISH CREAM 70CL,84sogge-1255,TEISSEIRE,BTL,70CL,TEISSEIRE FRANCE S.A.S
75617,c10-1100001158,TEISSEIRE SIROP BARMAN POMME VANI 70CL,84sogge-1273,TEISSEIRE,BTL,70CL,TEISSEIRE FRANCE S.A.S
75605,c10-1100003585,TEISSEIRE SIROP BARMAN PAIN EPICE 70CL,84sogge-1274,TEISSEIRE,BTL,70CL,TEISSEIRE FRANCE S.A.S
75629,c10-1100001176,TEISSEIRE SIROP BARMAN TRIPLE SEC 70CL,84sogge-1276,TEISSEIRE,BTL,70CL,TEISSEIRE FRANCE S.A.S
75572,c10-1100000550,TEISSEIRE SIROP BARMAN FRAMB ROSE 70CL,84sogge-1278,TEISSEIRE,BTL,70CL,TEISSEIRE FRANCE S.A.S
75546,c10-1100000821,TEISSEIRE SIROP BARMAN BUBBLE GUM 70CL,84sogge-1307,TEISSEIRE,BTL,70CL,TEISSEIRE FRANCE S.A.S
85535,fb-87841,TEISSEIRE SIROP BUBBLE GUM *BEL*    70CL,84sogge-1307,TEISSEIRE,,,TEISSEIRE FRANCE S.A.S
83814,fb-16686,TEISSEIRE SIROP PAMPLEMOUSSE ROSE 100 CL,84sogge-1364,TEISSEIRE,,,TEISSEIRE FRANCE S.A.S
75662,c10-1100003693,TEISSEIRE SIROP PAMPLEMOUSSE ROSE 1L,84sogge-1364,TEISSEIRE,BTL,1L,TEISSEIRE FRANCE S.A.S
75532,c10-1100000539,TEISSEIRE SIR BARM MENTHE GLACIALE 70CL,84sogge-1753,TEISSEIRE,BTL,70CL,TEISSEIRE FRANCE S.A.S
83837,fb-92352,TEISSEIRE SIROP GOUT RHUM *BEL*     70CL,84sogge-704,TEISSEIRE,,,TEISSEIRE FRANCE S.A.S
75621,c10-1100001017,TEISSEIRE SIROP BARMAN RHUM 70CL,84sogge-704,TEISSEIRE,BTL,70CL,TEISSEIRE FRANCE S.A.S
82498,mp-6096,TEISSEIRE NOISETTE 70 CL,84sogge-719,TEISSEIRE,,,TEISSEIRE FRANCE S.A.S
83839,fb-76210,TEISSEIRE SIROP NOISETTE *BEL*      70CL,84sogge-719,TEISSEIRE,BTL,70CL,TEISSEIRE FRANCE S.A.S
75601,c10-1100000547,TEISSEIRE SIROP BARMAN NOISETTE 70CL,84sogge-719,TEISSEIRE,BTL,70CL,TEISSEIRE FRANCE S.A.S
82497,mp-6095,TEISSEIRE MURE 70 CL,84sogge-724,TEISSEIRE,,,TEISSEIRE FRANCE S.A.S
83838,fb-76206,TEISSEIRE SIROP MURE                70CL,84sogge-724,TEISSEIRE,BTL,70CL,TEISSEIRE FRANCE S.A.S
75597,c10-1100000543,TEISSEIRE SIROP BARMAN MURE 70CL,84sogge-724,TEISSEIRE,BTL,70CL,TEISSEIRE FRANCE S.A.S
83840,fb-76207,TEISSEIRE SIROP NOIX DE COCO        70CL,84sogge-725,TEISSEIRE,BTL,70CL,TEISSEIRE FRANCE S.A.S
75602,c10-1100000544,TEISSEIRE SIROP BARMAN NOIX DE COCO 70CL,84sogge-725,TEISSEIRE,BTL,70CL,TEISSEIRE FRANCE S.A.S
82499,mp-6097,TEISSEIRE NOIX DE COCO 70 CL,84sogge-725,TEISSEIRE,BTL,70CL,TEISSEIRE FRANCE S.A.S
83834,fb-76205,TEISSEIRE SIROP BANANE              70CL,84sogge-726,TEISSEIRE,BTL,70CL,TEISSEIRE FRANCE S.A.S
75543,c10-1100000542,TEISSEIRE SIROP BARMAN BANANE 70CL,84sogge-726,TEISSEIRE,BTL,70CL,TEISSEIRE FRANCE S.A.S
82491,mp-6089,TEISSEIRE BANANE 70 CL,84sogge-726,TEISSEIRE,,,TEISSEIRE FRANCE S.A.S
83833,fb-76202,TEISSEIRE SIROP ANIS                70CL,84sogge-727,TEISSEIRE,BTL,70CL,TEISSEIRE FRANCE S.A.S
82490,mp-6088,TEISSEIRE ANIS 70 CL,84sogge-727,TEISSEIRE,,,TEISSEIRE FRANCE S.A.S
75541,c10-1100000537,TEISSEIRE SIROP BARMAN ANIS 70CL,84sogge-727,TEISSEIRE,BTL,70CL,TEISSEIRE FRANCE S.A.S
75631,c10-1100000545,TEISSEIRE SIROP BARMAN VANILLE 70CL,84sogge-728,TEISSEIRE,BTL,70CL,TEISSEIRE FRANCE S.A.S
82489,mp-6087,TEISSEIRE VANILLE 70 CL,84sogge-728,TEISSEIRE,,,TEISSEIRE FRANCE S.A.S
83843,fb-76208,TEISSEIRE SIROP VANILLE             70CL,84sogge-728,TEISSEIRE,BTL,70CL,TEISSEIRE FRANCE S.A.S
83835,fb-76209,TEISSEIRE SIROP CANNELLE *BEL*      70CL,84sogge-729,TEISSEIRE,BTL,70CL,TEISSEIRE FRANCE S.A.S
75548,c10-1100000546,TEISSEIRE SIROP BARMAN CANNELLE 70CL,84sogge-729,TEISSEIRE,BTL,70CL,TEISSEIRE FRANCE S.A.S
82503,mp-6186,TEISSEIRE CITRON VERT 70 CL,84sogge-731,TEISSEIRE,BTL,70CL,TEISSEIRE FRANCE S.A.S
83836,fb-78631,TEISSEIRE SIROP CITRON VERT         70CL,84sogge-731,TEISSEIRE,BTL,70CL,TEISSEIRE FRANCE S.A.S
75563,c10-1100001175,TEISSEIRE SIROP BARMAN CITRON VERT 70CL,84sogge-731,TEISSEIRE,BTL,70CL,TEISSEIRE FRANCE S.A.S
75554,c10-1100000548,TEISSEIRE SIROP BARMAN CHATAIG VANI 70CL,84sogge-855,TEISSEIRE,BTL,70CL,TEISSEIRE FRANCE S.A.S
75592,c10-1100004078,TEISSEIRE SIROP BARMAN MENTHE CRIST 70CL,84sogge-878,TEISSEIRE,BTL,70CL,TEISSEIRE FRANCE S.A.S
75611,c10-1100000934,TEISSEIRE SIROP BARMAN PINA COLA VP 70CL,84sogge-942,TEISSEIRE,BTL,70CL,TEISSEIRE FRANCE S.A.S
85534,fb-87840,TEISSEIRE SIROP BARBE A PAPA *BEL*  70CL,84sogge-944,TEISSEIRE,BTL,70CL,TEISSEIRE FRANCE S.A.S
75544,c10-1100000932,TEISSEIRE SIROP BARMAN BARBE A PAPA 70CL,84sogge-944,TEISSEIRE,BTL,70CL,TEISSEIRE FRANCE S.A.S
82509,mp-9313,TEISSEIRE BARBE A PAPA 70 CL,84sogge-944,TEISSEIRE,BTL,70CL,TEISSEIRE FRANCE S.A.S
82539,mp-260106,TEISSEIRE MELON PASTEQUE 70CL,84sogge-958,TEISSEIRE,BTL,70CL,TEISSEIRE FRANCE S.A.S
75589,c10-1100000948,TEISSEIRE SIROP BARMAN MELON PASTEQ 70CL,84sogge-958,TEISSEIRE,BTL,70CL,TEISSEIRE FRANCE S.A.S
75615,c10-1100000541,TEISSEIRE SIROP BARMAN POMME 70CL,86sogge-215,TEISSEIRE,BTL,70CL,TEISSEIRE FRANCE S.A.S
82501,mp-6102,TEISSEIRE POMME 70 CL,86sogge-215,TEISSEIRE,BTL,70CL,TEISSEIRE FRANCE S.A.S
83841,fb-76204,TEISSEIRE SIROP POMME               70CL,86sogge-215,TEISSEIRE,BTL,70CL,TEISSEIRE FRANCE S.A.S
82525,mp-130106,TEISSEIRE GOUT GIN  70 CL,86sogge-407,TEISSEIRE,BTL,70CL,TEISSEIRE FRANCE S.A.S
75648,c10-1100002691,TEISSEIRE SIROP GOUT GIN 70CL,86sogge-407,TEISSEIRE,BTL,70CL,TEISSEIRE FRANCE S.A.S
