entity_id,sku,libelle,sd_code_sogge,sd_marque,sd_conditionnement,sd_volume,sd_industriel,
36027,c10-1100002007,AQUARIUS ORANGE 33CL BTE X24,,AQUARIUS,BTE,33CL,COCA COLA ENTREPRISE,
36037,c10-1100000253,BURN INSTINCT PET 1L X12,,BURN,PET,1L,COCA COLA ENTREPRISE,
36031,c10-1100000248,BURN BTE 50CL X24,,BURN,BTE,50CL,COCA COLA ENTREPRISE,
36032,c10-1100007092,BURN BTE SLIM 35.5CL X24,,BURN,BTE,35.5L,COCA COLA ENTREPRISE,
36036,c10-1100000252,BURN INSTINCT BTE 25CL X24,,BURN,BTE,25CL,COCA COLA ENTREPRISE,
36028,c10-1100002118,BURN 25CL VP X24,,BURN,BTL,25CL,COCA COLA ENTREPRISE,
36038,c10-1100005666,BURN LEMON ICE  BTE 35.5CL X24,,BURN,BTE,35.5L,COCA COLA ENTREPRISE,
36035,c10-1100000251,BURN ENERGY SHOT PET 5CL X12,,BURN,PET,5CL,COCA COLA ENTREPRISE,
83266,mp-5557,BURN IVP SLEEVE 24X25CL,,BURN,,,COCA COLA ENTREPRISE,
36033,c10-1100000250,BURN DAY BTE 25CL X24,,BURN,BTE,25CL,COCA COLA ENTREPRISE,
36030,c10-1100005271,BURN BTE 35.5CL X24,,BURN,BTE,35.5L,COCA COLA ENTREPRISE,
36034,c10-1100000249,BURN DAY BTE 48.5CL X24,84sogge-1694,BURN,BTE,48.5L,COCA COLA ENTREPRISE,
83262,mp-250780,"BTE BURN REFERMABLE 48,5CL X24",84sogge-1694,BURN,BTE,48.5L,COCA COLA ENTREPRISE,
82123,mp-6241,BTE BURN 24X25CL,87sogge-139,BURN,BTE,25CL,COCA COLA ENTREPRISE,
36029,c10-1100000246,BURN BTE 25CL X24,87sogge-139,BURN,BTE,25CL,COCA COLA ENTREPRISE,
36061,c10-1100005655,CAPRI SUN POMME CERISE POCHE 20CL X10,,CAPRI SUN,SAC,20CL,COCA COLA ENTREPRISE,
36046,c10-1100006893,CAPRI SUN MULTIFRUITS JAUNE BIO 20CL X40,,CAPRI SUN,SAC,20CL,COCA COLA ENTREPRISE,
36059,c10-1100005003,CAPRI SUN PECHE ABRICOT POCHE 20CL X10,,CAPRI SUN,SAC,20CL,COCA COLA ENTREPRISE,
36039,c10-1100005659,CAPRI SUN BANAPPLE POCHE 20CL X10,,CAPRI SUN,SAC,20CL,COCA COLA ENTREPRISE,
36057,c10-1100001703,CAPRI SUN ORANGE POCHE 20CL X40,,CAPRI SUN,SAC,20CL,COCA COLA ENTREPRISE,
36058,c10-1100005654,CAPRI SUN ORANGE POCHE 20CL X5,,CAPRI SUN,SAC,20CL,COCA COLA ENTREPRISE,
36055,c10-1100005658,CAPRI SUN ORANGE POCHE 20CL X12,,CAPRI SUN,SAC,20CL,COCA COLA ENTREPRISE,
36071,c10-1100005346,CAPRI SUN TROPICAL POCHE 20CL X40,,CAPRI SUN,SAC,20CL,COCA COLA ENTREPRISE,
36069,c10-1100001701,CAPRI SUN TEA PEACH POCHE 20CL X10,,CAPRI SUN,SAC,20CL,COCA COLA ENTREPRISE,
36044,c10-1100005653,CAPRI SUN FRUIT ROUGE BIO POCHE 20CL X 5,,CAPRI SUN,SAC,20CL,COCA COLA ENTREPRISE,
36066,c10-1100006270,CAPRI SUN POMME POIRE POCHE 20CL X40,,CAPRI SUN,SAC,20CL,COCA COLA ENTREPRISE,
36070,c10-1100004308,CAPRI SUN TROPICAL POCHE 20CL X10,,CAPRI SUN,SAC,20CL,COCA COLA ENTREPRISE,
36064,c10-1100002813,CAPRI SUN POMME POCHE 20CL X40,,CAPRI SUN,SAC,20CL,COCA COLA ENTREPRISE,
36050,c10-1100005657,CAPRI SUN MULTIVITAMINEE POCHE  20CL X12,,CAPRI SUN,SAC,20CL,COCA COLA ENTREPRISE,
36041,c10-1100005652,CAPRI SUN FC  TROPICAL POCHE 20CL X5,,CAPRI SUN,SAC,20CL,COCA COLA ENTREPRISE,
36056,c10-1100006441,CAPRI SUN ORANGE POCHE 20CL X14,,CAPRI SUN,SAC,20CL,COCA COLA ENTREPRISE,
36045,c10-1100005412,CAPRI SUN FRUIT ROUGE BIO POCHE 20CL X40,,CAPRI SUN,SAC,20CL,COCA COLA ENTREPRISE,
36043,c10-1100005036,CAPRI SUN FRUIT ROUGE BIO POCHE  20CLX10,,CAPRI SUN,SAC,20CL,COCA COLA ENTREPRISE,
36048,c10-1100005661,CAPRI SUN MULTIFRUITS POCHE  20CL X5,,CAPRI SUN,SAC,20CL,COCA COLA ENTREPRISE,
36060,c10-1100007885,CAPRI SUN PECHE ABRICOT POCHE 20CL X40,,CAPRI SUN,SAC,20CL,COCA COLA ENTREPRISE,
36053,c10-1100001828,CAPRI SUN MULTIVITAMINEE POCHE 20CL X 40,,CAPRI SUN,SAC,20CL,COCA COLA ENTREPRISE,
36052,c10-1100005656,CAPRI SUN MULTIVITAMINEE POCHE  20CL X5,,CAPRI SUN,SAC,20CL,COCA COLA ENTREPRISE,
36051,c10-1100006440,CAPRI SUN MULTIVITAMINEE POCHE  20CL X14,,CAPRI SUN,SAC,20CL,COCA COLA ENTREPRISE,
36063,c10-1100002275,CAPRI SUN POMME POCHE 20CL X10,,CAPRI SUN,SAC,20CL,COCA COLA ENTREPRISE,
36047,c10-1100006894,CAPRI SUN MULTIFRUITS JAUNE BIO 20CL X5,,CAPRI SUN,SAC,20CL,COCA COLA ENTREPRISE,
36062,c10-1100004896,CAPRI SUN POMME CERISE POCHE 20CL X40,,CAPRI SUN,SAC,20CL,COCA COLA ENTREPRISE,
36067,c10-1100005004,CAPRI SUN SAFARI POCHE 20CL X10,,CAPRI SUN,SAC,20CL,COCA COLA ENTREPRISE,
36065,c10-1100005780,CAPRI SUN POMME POIRE POCHE 20CL X10,,CAPRI SUN,SAC,20CL,COCA COLA ENTREPRISE,
36068,c10-1100005660,CAPRI SUN SUMMER BERRIES POCHE 20CL X40,,CAPRI SUN,SAC,20CL,COCA COLA ENTREPRISE,
84098,fb-109314,CAPRI SUN POMME POIRE POCHE  GC 8X5X20CL,84sogge-1005,CAPRI SUN,SAC,20CL,COCA COLA ENTREPRISE,
36042,c10-1100005651,CAPRI SUN FC POMME-CASSIS POCHE 20CL X 5,84sogge-1005,CAPRI SUN,SAC,20CL,COCA COLA ENTREPRISE,
36040,c10-1100005514,CAPRI SUN F CRUSH APPLE PEAR POCHE 20CL,84sogge-1195,CAPRI SUN,SAC,20CL,COCA COLA ENTREPRISE,
84095,fb-109315,CAPRI SUN FRT CRUSH TROP POCHE GC 8X5X20,84sogge-1195,CAPRI SUN,SAC,20CL,COCA COLA ENTREPRISE,
84097,fb-86382,CAPRI SUN ORANGE   MINI POCHES 4X10X20CL,84sogge-825,CAPRI SUN,SAC,20CL,COCA COLA ENTREPRISE,
82451,mp-250787,CAPRI-SUN ORANGE 20CL 4X10,84sogge-825,CAPRI SUN,SAC,20CL,COCA COLA ENTREPRISE,
36054,c10-1100001053,CAPRI SUN ORANGE POCHE 20CL X10,84sogge-825,CAPRI SUN,SAC,20CL,COCA COLA ENTREPRISE,
84096,fb-86383,CAPRI SUN MULTIVITA MINI POCHE 4X10X20CL,84sogge-826,CAPRI SUN,SAC,20CL,COCA COLA ENTREPRISE,
82452,mp-250788,CAPRI-SUN MULTIVITAMINE 20CL 4,84sogge-826,CAPRI SUN,SAC,20CL,COCA COLA ENTREPRISE,
36049,c10-1100001052,CAPRI SUN MULTIVITAMINEE POCHE  20CL X10,84sogge-826,CAPRI SUN,SAC,20CL,COCA COLA ENTREPRISE,
36081,c10-1100001324,CHAUDFONTAINE GAZEUSE 50CL VC X20,,CHAUDFONTAINE,BTL,50CL,COCA COLA ENTREPRISE,
36073,c10-1100004808,CHAUDFONTAINE 1L VC X6,,CHAUDFONTAINE,BTL,1L,COCA COLA ENTREPRISE,
36075,c10-1100001323,CHAUDFONTAINE 50CL VC X20,,CHAUDFONTAINE,BTL,50CL,COCA COLA ENTREPRISE,
36082,c10-1100004807,CHAUDFONTAINE GAZEUSE PET 50CL X12,,CHAUDFONTAINE,PET,50CL,COCA COLA ENTREPRISE,
36078,c10-1100001322,CHAUDFONTAINE GAZEUSE 1L VC X12,,CHAUDFONTAINE,BTL,1L,COCA COLA ENTREPRISE,
36080,c10-1100001519,CHAUDFONTAINE GAZEUSE 25CL VC X24,,CHAUDFONTAINE,BTL,25CL,COCA COLA ENTREPRISE,
36079,c10-1100004806,CHAUDFONTAINE GAZEUSE 1L VC X6,,CHAUDFONTAINE,BTL,1L,COCA COLA ENTREPRISE,
36072,c10-1100001321,CHAUDFONTAINE 1L VC X12,,CHAUDFONTAINE,BTL,1L,COCA COLA ENTREPRISE,
36074,c10-1100001518,CHAUDFONTAINE 25CL VC X24,,CHAUDFONTAINE,BTL,25CL,COCA COLA ENTREPRISE,
36084,c10-1100004805,CHAUDFONTAINE LEGE GAZEUSE 1L VC X6,,CHAUDFONTAINE,BTL,1L,COCA COLA ENTREPRISE,
81841,mp-160611,CHAUDFONTAINE 1L X6VC,,CHAUDFONTAINE,,,COCA COLA ENTREPRISE,
36085,c10-1100004809,CHAUDFONTAINE LEGER GAZEUSE 50CL VC X20,,CHAUDFONTAINE,BTL,50CL,COCA COLA ENTREPRISE,
36076,c10-1100004801,CHAUDFONTAINE GAZEUSE 1L PET X12,,CHAUDFONTAINE,PET,1L,COCA COLA ENTREPRISE,
81844,mp-160602,CHAUDFONTAINE GAZ PET 24X50 CL,84sogge-1777,CHAUDFONTAINE,PET,50CL,COCA COLA ENTREPRISE,
36083,c10-1100004820,CHAUDFONTAINE GAZEUSE PET 50CL X24,84sogge-1777,CHAUDFONTAINE,PET,50CL,COCA COLA ENTREPRISE,
36086,c10-1100000256,CHAUDFONTAINE PET 50CL X24,84sogge-1927,CHAUDFONTAINE,PET,50CL,COCA COLA ENTREPRISE,
84074,fb-68512,CHAUDFONTAINE                PET 24X50CL,84sogge-1927,CHAUDFONTAINE,PET,50CL,COCA COLA ENTREPRISE,
81843,mp-6329,CHAUDFONTAINE PET 24X50 CL,84sogge-1927,CHAUDFONTAINE,PET,50CL,COCA COLA ENTREPRISE,
81842,mp-160613,CHAUDFONTAINE PETILLAN.1L X6VC,87sogge-82,CHAUDFONTAINE,PET,1L,COCA COLA ENTREPRISE,
36077,c10-1100002005,CHAUDFONTAINE GAZEUSE 1L PET X6,87sogge-82,CHAUDFONTAINE,PET,1L,COCA COLA ENTREPRISE,
81931,mp-6031,COCA COLA BLAK ALU VP 24X25CL,87sogge-105,COCA BLACK,BTE,25CL,COCA COLA ENTREPRISE,
36087,c10-1100000376,COCA COLA BLACK ALU 25CL X24,87sogge-105,COCA BLACK,BTE,25CL,COCA COLA ENTREPRISE,
36094,c10-1100005246,COCA COLA CHERRY 33CL BTE X30,,COCA CHERRY,BTE,33CL,COCA COLA ENTREPRISE,
36098,c10-1100007560,COCA COLA CHERRY ZERO ET X6,,COCA CHERRY,PET,1.5L,COCA COLA ENTREPRISE,
36097,c10-1100000269,COCA COLA CHERRY 50CL PET X24,,COCA CHERRY,PET,50CL,COCA COLA ENTREPRISE,
36090,c10-1100004812,COCA COLA CHERRY 2L PET X6,,COCA CHERRY,PET,2L,COCA COLA ENTREPRISE,
36088,c10-1100000268,COCA COLA CHERRY 1.25L PET X12,,COCA CHERRY,PET,1.25L,COCA COLA ENTREPRISE,
36089,c10-1100005662,COCA COLA CHERRY 1.5L PET X6,,COCA CHERRY,PET,1.5L,COCA COLA ENTREPRISE,
36095,c10-1100000377,COCA COLA CHERRY 33CL BTE X6,,COCA CHERRY,BTE,33CL,COCA COLA ENTREPRISE,
36092,c10-1100005329,COCA COLA CHERRY 33CL BTE SLIM X30,,COCA CHERRY,BTE,33CL,COCA COLA ENTREPRISE,
85633,fb-89782,COCA-COLA CHERRY             PET 24X50CL,,COCA CHERRY,,,COCA COLA ENTREPRISE,
83942,fb-109271,COCA-COLA CHERRY             PET 12X50CL,84sogge-1164,COCA CHERRY,PET,50CL,COCA COLA ENTREPRISE,
36096,c10-1100005121,COCA COLA CHERRY 50CL PET X12,84sogge-1164,COCA CHERRY,PET,50CL,COCA COLA ENTREPRISE,
81912,mp-160439,COCA COLA CHERRY PET 12X50 CL,84sogge-1164,COCA CHERRY,PET,50CL,COCA COLA ENTREPRISE,
36091,c10-1100004930,COCA COLA CHERRY 33CL BTE SLIM X24,84sogge-1178,COCA CHERRY,BTE,33CL,COCA COLA ENTREPRISE,
83715,fb-109251,COCA-COLA CHERRY SLIM        BTE 24X33CL,84sogge-1178,COCA CHERRY,BTE,33CL,COCA COLA ENTREPRISE,
81938,mp-2168,BTE CHERRY COKE 24X33 CL,87sogge-91,COCA CHERRY,BTE,33CL,COCA COLA ENTREPRISE,
36093,c10-1100000267,COCA COLA CHERRY 33CL BTE X24,87sogge-91,COCA CHERRY,BTE,33CL,COCA COLA ENTREPRISE,
81900,mp-130585,COCA COLA PET 24X50 CL,,COCA COLA,,,COCA COLA ENTREPRISE,
81944,mp-435,COCA COLA PET 24X50 CL,,COCA COLA,,,COCA COLA ENTREPRISE,
83941,fb-19018,COCA-COLA                    PET 24X50CL,,COCA COLA,,,COCA COLA ENTREPRISE,
81901,mp-130625,COCA COLA PET 24X50 CL,,COCA COLA,,,COCA COLA ENTREPRISE,
81899,mp-130624,COCA COLA PET 6X150 CL,,COCA COLA,,,COCA COLA ENTREPRISE,
81929,mp-250407,BTE COCA COLA 15CL X24,,COCA COLA,,,COCA COLA ENTREPRISE,
81924,mp-22039,VTE FLASH COCACOLA 24X33 CL VC,,COCA COLA,,,COCA COLA ENTREPRISE,
81898,mp-130586,COCA COLA PET 6X150 CL,,COCA COLA,,,COCA COLA ENTREPRISE,
81935,mp-290182,COCA COLA CLUB COKE ALU 25CLVP,,COCA COLA,,,COCA COLA ENTREPRISE,
81928,mp-22033,BTE COCA COLA 15CL X 24,,COCA COLA,,,COCA COLA ENTREPRISE,
81914,mp-140411,COCA COLA PET 12X100 CL,84sogge-822,COCA COLA,,,COCA COLA ENTREPRISE,
83890,fb-90707,COCA-COLA                   PET 12X100CL,84sogge-822,COCA COLA,,,COCA COLA ENTREPRISE,
81909,mp-431,COCA COLA 12X100 CL VC,84sogge-856,COCA COLA,,,COCA COLA ENTREPRISE,
83757,fb-10103,COCA-COLA                    VC 12X100CL,84sogge-856,COCA COLA,,,COCA COLA ENTREPRISE,
81904,mp-141206,COCA COLA 100 CL X 6 VC,84sogge-881,COCA COLA,,,COCA COLA ENTREPRISE,
83756,fb-107994,COCA-COLA                     VC 6X100CL,84sogge-881,COCA COLA,,,COCA COLA ENTREPRISE,
83844,fb-10229,COCA-COLA                  PACK 3X8X25CL,84sogge-976,COCA COLA,,,COCA COLA ENTREPRISE,
81930,mp-439,PACK COCA COLA 3X8X25 CL,84sogge-976,COCA COLA,,,COCA COLA ENTREPRISE,
83911,fb-109245,COCA-COLA ZERO               PET 6X150CL,86sogge-121,COCA COLA,,,COCA COLA ENTREPRISE,
81905,mp-160537,COCA COLA ZERO  PET 150 CL X6,86sogge-121,COCA COLA,,,COCA COLA ENTREPRISE,
83909,fb-10161,COCA-COLA                   PET 12X150CL,87sogge-130,COCA COLA,PET,1.5L,COCA COLA ENTREPRISE,COCA COLA ENTREPRISE
81915,mp-438,MAXI COCA COLA PET 12X150 CL,87sogge-130,COCA COLA,PET,1.5L,COCA COLA ENTREPRISE,COCA COLA ENTREPRISE
36099,c10-1100003653,COCA COLA FRUITS EXOTIQUES 33CL BTE X12,,COCA EXOTIQUE,BTE,33CL,COCA COLA ENTREPRISE,
36101,c10-1100000279,COCA COLA LIGHT LEMON 1.5L PET X12,,COCA LEMON,PET,1.5L,COCA COLA ENTREPRISE,COCA COLA ENTREPRISE
36102,c10-1100000278,COCA COLA LIGHT LEMON 33CL BTE X24,,COCA LEMON,BTE,33CL,COCA COLA ENTREPRISE,
36100,c10-1100007887,COCA COLA LEMON ZERO 1.5L PET X6,,COCA LEMON,PET,1.5L,COCA COLA ENTREPRISE,COCA COLA ENTREPRISE
81921,mp-6032,COCA COLA LEMON VC 24X33CL,,COCA LEMON,,,COCA COLA ENTREPRISE,
36104,c10-1100008160,COCA COLA ZERO LEMON 1.5L PET X6,,COCA LEMON,BTL,1.5L,COCA COLA ENTREPRISE,COCA COLA ENTREPRISE
81923,mp-8045,COCA COLA LIGHT LEMON 24X33 CL,84sogge-1652,COCA LEMON,BTE,33CL,COCA COLA ENTREPRISE,
36103,c10-1100000378,COCA COLA LIGHT LEMON 33CL BTE X6,84sogge-1652,COCA LEMON,BTE,33CL,COCA COLA ENTREPRISE,
83721,fb-112052,COCA-COLA ZERO SUCRES LEMON  BTE 24X33CL,84sogge-816,COCA LEMON,BTE,33CL,COCA COLA ENTREPRISE,
36105,c10-1100006700,COCA COLA ZERO LEMON 33CL BTE SLIM X24,84sogge-816,COCA LEMON,BTE,33CL,COCA COLA ENTREPRISE,
81946,mp-6152,COCA COLA LEMON PET 24X50 CL,87sogge-95,COCA LEMON,,,COCA COLA ENTREPRISE,
36114,c10-1200039022,COCA COLA LIFE 50CL PET X24,,COCA LIFE,PET,50CL,COCA COLA ENTREPRISE,
85634,fb-106217,COCA-COLA LIFE                VC 24X33CL,,COCA LIFE,,,COCA COLA ENTREPRISE,
36107,c10-1100004794,COCA COLA LIFE 1L PET X12,,COCA LIFE,PET,1L,COCA COLA ENTREPRISE,
36111,c10-1200044531,COCA COLA LIFE 33CL BTE X6,,COCA LIFE,BTE,33CL,COCA COLA ENTREPRISE,
36109,c10-1200048077,COCA COLA LIFE 33CL BTE SLIM X30,,COCA LIFE,BTE,33CL,COCA COLA ENTREPRISE,
85635,fb-105642,COCA-COLA LIFE               BTE 24X33CL,,COCA LIFE,,,COCA COLA ENTREPRISE,
36106,c10-1100004200,COCA COLA LIFE 1.5L PET X12,,COCA LIFE,PET,1.5L,COCA COLA ENTREPRISE,COCA COLA ENTREPRISE
36108,c10-1200045628,COCA COLA LIFE 33CL BTE SLIM X24,,COCA LIFE,BTE,33CL,COCA COLA ENTREPRISE,
85636,fb-105477,COCA-COLA LIFE               PET 24X50CL,,COCA LIFE,,,COCA COLA ENTREPRISE,
81913,mp-160568,COCA COLA LIFE PET 12 X50 CL,84sogge-1163,COCA LIFE,PET,50CL,COCA COLA ENTREPRISE,
83943,fb-109270,COCA-COLA LIFE               PET 12X50CL,84sogge-1163,COCA LIFE,PET,50CL,COCA COLA ENTREPRISE,
36113,c10-1200038331,COCA COLA LIFE 50CL PET X12,84sogge-1163,COCA LIFE,PET,50CL,COCA COLA ENTREPRISE,
81927,mp-150341,COCA COLA LIFE 24X33 CL VC,84sogge-1926,COCA LIFE,BTL,33CL,COCA COLA ENTREPRISE,
36112,c10-1200039416,COCA COLA LIFE 33CL VC X24,84sogge-1926,COCA LIFE,BTL,33CL,COCA COLA ENTREPRISE,
36110,c10-1200038332,COCA COLA LIFE 33CL BTE X24,87sogge-108,COCA LIFE,BTE,33CL,COCA COLA ENTREPRISE,
81940,mp-150318,BTE COCA COLA LIFE 24X33 CL,87sogge-108,COCA LIFE,BTE,33CL,COCA COLA ENTREPRISE,
36116,c10-1100002034,CLUB COKE JP GAULTIER NIGHT 25CL VP X6,,COCA LIGHT,BTL,25CL,COCA COLA ENTREPRISE,
36147,c10-1100001726,COCA COLA PANACHE LIGHT ZERO 33CL VC X24,,COCA LIGHT,BTL,33CL,COCA COLA ENTREPRISE,
85637,fb-10345,COCA-COLA LIGHT              PET 24X50CL,,COCA LIGHT,,,COCA COLA ENTREPRISE,
36119,c10-1100000274,COCA COLA LIGHT 1.5L PET X12,,COCA LIGHT,PET,1.5L,COCA COLA ENTREPRISE,COCA COLA ENTREPRISE
36143,c10-1100000379,COCA COLA LIGHT PLUS ANTIOXYDAN 33CL BTE,,COCA LIGHT,BTE,33CL,COCA COLA ENTREPRISE,
36124,c10-1100007789,COCA COLA LIGHT 15CL BTE X8X3,,COCA LIGHT,BTE,15CL,COCA COLA ENTREPRISE,
81917,mp-149382,COCA COLA LIGHT PET 12X150 CL,,COCA LIGHT,,,COCA COLA ENTREPRISE,
36115,c10-1100002033,CLUB COKE JP GAULTIER DAY 25CL VP X6,,COCA LIGHT,BTL,25CL,COCA COLA ENTREPRISE,
36117,c10-1100000273,COCA COLA LIGHT 1.25L PET X12,,COCA LIGHT,PET,1.5L,COCA COLA ENTREPRISE,COCA COLA ENTREPRISE
36123,c10-1100001525,COCA COLA LIGHT 15CL BTE X24,,COCA LIGHT,BTE,15CL,COCA COLA ENTREPRISE,
36136,c10-1100000392,COCA COLA LIGHT 33CL X10,,COCA LIGHT,BTE,33CL,COCA COLA ENTREPRISE,
81925,mp-22040,VTE FLASH COCA LIGH24X33 CL VC,,COCA LIGHT,,,COCA COLA ENTREPRISE,
36126,c10-1100002281,COCA COLA LIGHT 20CL VC X24,,COCA LIGHT,BTL,20CL,COCA COLA ENTREPRISE,
36125,c10-1100000277,COCA COLA LIGHT 1L PET X12,,COCA LIGHT,PET,1L,COCA COLA ENTREPRISE,
36146,c10-1100000382,COCA COLA LIGHT SANS CAFEINE 33CL BTE X6,,COCA LIGHT,BTE,33CL,COCA COLA ENTREPRISE,
36133,c10-1100005249,COCA COLA LIGHT 33CL BTE X30,,COCA LIGHT,BTE,33CL,COCA COLA ENTREPRISE,
36142,c10-1100001731,COCA COLA LIGHT CLUB ALU 25CL X6,,COCA LIGHT,BTL,25CL,COCA COLA ENTREPRISE,
36134,c10-1100005680,COCA COLA LIGHT 33CL BTE X6,,COCA LIGHT,BTE,33CL,COCA COLA ENTREPRISE,
36145,c10-1100000281,COCA COLA LIGHT SANS CAFEINE 1.5L PET X1,,COCA LIGHT,PET,1.5L,COCA COLA ENTREPRISE,COCA COLA ENTREPRISE
36128,c10-1100000361,COCA COLA LIGHT 2L PET X2,,COCA LIGHT,PET,2L,COCA COLA ENTREPRISE,
81948,mp-8706,COCA LIGHT LEMON PET 24X50 CL,,COCA LIGHT,,,COCA COLA ENTREPRISE,
36118,c10-1100002058,COCA COLA LIGHT 1.5L PET CONSIGNE X10,,COCA LIGHT,PET,1.5L,COCA COLA ENTREPRISE,COCA COLA ENTREPRISE
36122,c10-1100001727,COCA COLA LIGHT 1.5L PET X8,,COCA LIGHT,PET,1.5L,COCA COLA ENTREPRISE,COCA COLA ENTREPRISE
36120,c10-1100002000,COCA COLA LIGHT 1.5L PET X4,,COCA LIGHT,PET,1.5L,COCA COLA ENTREPRISE,COCA COLA ENTREPRISE
36129,c10-1100000275,COCA COLA LIGHT 2L PET X6,,COCA LIGHT,PET,2L,COCA COLA ENTREPRISE,
36144,c10-1100000380,COCA COLA LIGHT PLUS VITAMINES 33CL BTE,,COCA LIGHT,BTE,33CL,COCA COLA ENTREPRISE,
36127,c10-1200022755,COCA COLA LIGHT 25CL VP X6,,COCA LIGHT,BTL,25CL,COCA COLA ENTREPRISE,
85638,fb-10639,COCA-COLA LIGHT             PET 12X150CL,,COCA LIGHT,,,COCA COLA ENTREPRISE,
81902,mp-426,BIB COCA COLA LIGHT 5 L,84sogge-1101,COCA LIGHT,BIB,5L,COCA COLA ENTREPRISE,
83693,fb-10375,COCA-COLA LIGHT                   BIB 5L,84sogge-1101,COCA LIGHT,BIB,5L,COCA COLA ENTREPRISE,
36140,c10-1100000270,COCA COLA LIGHT 5L BIB,84sogge-1101,COCA LIGHT,BIB,5L,COCA COLA ENTREPRISE,
81942,mp-160464,BTE COCA LIGHT SLIM 24 X33CL,84sogge-1133,COCA LIGHT,BTE,33CL,COCA COLA ENTREPRISE,
36130,c10-1100004931,COCA COLA LIGHT 33CL BTE SLIM X24,84sogge-1133,COCA LIGHT,BTE,33CL,COCA COLA ENTREPRISE,
36139,c10-1100000363,COCA COLA LIGHT 50CL PET X4X6,84sogge-1134,COCA LIGHT,PET,50CL,COCA COLA ENTREPRISE,
81907,mp-160632,COCA COLA LIGHT PET 150 CL X 6,84sogge-1134,COCA LIGHT,PET,50CL,COCA COLA ENTREPRISE,
83910,fb-109243,COCA-COLA LIGHT              PET 6X150CL,84sogge-1134,COCA LIGHT,PET,50CL,COCA COLA ENTREPRISE,
83944,fb-109269,COCA-COLA LIGHT              PET 12X50CL,84sogge-1167,COCA LIGHT,PET,50CL,COCA COLA ENTREPRISE,
36137,c10-1100005157,COCA COLA LIGHT 50CL PET X12,84sogge-1167,COCA LIGHT,PET,50CL,COCA COLA ENTREPRISE,
81910,mp-160437,COCA COLA LIGHT PET 12 X50 CL,84sogge-1167,COCA LIGHT,PET,50CL,COCA COLA ENTREPRISE,
36141,c10-1100001425,COCA COLA LIGHT CLUB ALU 25CL X24,84sogge-1624,COCA LIGHT,BTE,25CL,COCA COLA ENTREPRISE,
81932,mp-6253,TENDANCE COCA LIGHT VP 24X25CL,84sogge-1624,COCA LIGHT,BTE,25CL,COCA COLA ENTREPRISE,
36131,c10-1100005337,COCA COLA LIGHT 33CL BTE SLIM X30,84sogge-1627,COCA LIGHT,BTE,33CL,COCA COLA ENTREPRISE,
81950,mp-160653,BTE COCA LIGHT SLIM 30X33CL,84sogge-1627,COCA LIGHT,BTE,33CL,COCA COLA ENTREPRISE,
36121,c10-1100000957,COCA COLA LIGHT 1.5L PET X6,84sogge-1847,COCA LIGHT,PET,1.5L,COCA COLA ENTREPRISE,COCA COLA ENTREPRISE
81908,mp-160671,COCACOLA LIGHT PET EURO 1.5LX6,84sogge-1847,COCA LIGHT,PET,1.5L,COCA COLA ENTREPRISE,COCA COLA ENTREPRISE
81945,mp-1197,COCA COLA LIGHT PET 24X50 CL,84sogge-1854,COCA LIGHT,PET,50CL,COCA COLA ENTREPRISE,
36138,c10-1100000276,COCA COLA LIGHT 50CL PET X24,84sogge-1854,COCA LIGHT,PET,50CL,COCA COLA ENTREPRISE,
81920,mp-434,COCA COLA LIGHT 24X33 CL VC,87sogge-109,COCA LIGHT,BTL,33CL,COCA COLA ENTREPRISE,
36135,c10-1100000272,COCA COLA LIGHT 33CL VC X24,87sogge-109,COCA LIGHT,BTL,33CL,COCA COLA ENTREPRISE,
83860,fb-10263,COCA-COLA LIGHT GC            VC 24X33CL,87sogge-109,COCA LIGHT,BTL,33CL,COCA COLA ENTREPRISE,
83717,fb-109248,COCA-COLA LIGHT SLIM         BTE 24X33CL,87sogge-96,COCA LIGHT,BTE,33CL,COCA COLA ENTREPRISE,
36132,c10-1100000271,COCA COLA LIGHT 33CL BTE X24,87sogge-96,COCA LIGHT,BTE,33CL,COCA COLA ENTREPRISE,
81937,mp-429,BTE COCA COLA LIGHT 24X33CL,87sogge-96,COCA LIGHT,BTE,33CL,COCA COLA ENTREPRISE,
36160,c10-1100001024,COCA COLA 1L PET CONSIGNE X12,,COCA REG,PET,1L,COCA COLA ENTREPRISE,
36151,c10-1100004104,COCA COLA 1.5L PET X4,,COCA REG,PET,1.5L,COCA COLA ENTREPRISE,COCA COLA ENTREPRISE
36174,c10-1100000265,COCA COLA 2L PET X6,,COCA REG,PET,2L,COCA COLA ENTREPRISE,
36179,c10-1200007410,COCA COLA 33CL BTE X15,,COCA REG,BTE,33CL,COCA COLA ENTREPRISE,
36178,c10-1100005480,COCA COLA 33CL BTE X12,,COCA REG,BTE,33CL,COCA COLA ENTREPRISE,
36157,c10-1100001526,COCA COLA 15CL BTE X24,,COCA REG,BTE,15CL,COCA COLA ENTREPRISE,
36186,c10-1100006423,COCA COLA 50CL PET X12,,COCA REG,PET,50CL,COCA COLA ENTREPRISE,
36183,c10-1100002164,COCA COLA 33CL BTE X6,,COCA REG,BTE,33CL,COCA COLA ENTREPRISE,
36165,c10-1100002632,COCA COLA 20CL VP X8,,COCA REG,BTL,20CL,COCA COLA ENTREPRISE,
36163,c10-1100004830,COCA COLA 1L VC X6,,COCA REG,BTL,1L,COCA COLA ENTREPRISE,
36187,c10-1100003873,COCA COLA 50CL PET X18,,COCA REG,PET,50CL,COCA COLA ENTREPRISE,
36166,c10-1100007180,COCA COLA 20CL VP X8 X3,,COCA REG,BTL,20CL,COCA COLA ENTREPRISE,
36197,c10-1100000383,COCA COLA SANS CAFEINE 33CL BTE X6,,COCA REG,BTE,33CL,COCA COLA ENTREPRISE,
36190,c10-1100006500,COCA COLA 50CL PET X6,,COCA REG,PET,50CL,COCA COLA ENTREPRISE,
36173,c10-1100003312,COCA COLA 2L PET X4,,COCA REG,PET,2L,COCA COLA ENTREPRISE,
36155,c10-1100007513,COCA COLA 1.75L PET X6,,COCA REG,PET,1.75L,COCA COLA ENTREPRISE,COCA COLA ENTREPRISE
36161,c10-1100000264,COCA COLA 1L PET X12,,COCA REG,PET,1L,COCA COLA ENTREPRISE,
36194,c10-1100007788,COCA COLA SANS CAFEINE 1.25L PET X6,,COCA REG,PET,1.25L,COCA COLA ENTREPRISE,COCA COLA ENTREPRISE
36164,c10-1100000259,COCA COLA 20CL VC X24,,COCA REG,BTL,20CL,COCA COLA ENTREPRISE,
36181,c10-1100002622,COCA COLA 33CL BTE X30,,COCA REG,BTE,33CL,COCA COLA ENTREPRISE,
36195,c10-1100000282,COCA COLA SANS CAFEINE 1.5L PET X12,,COCA REG,PET,1.5L,COCA COLA ENTREPRISE,COCA COLA ENTREPRISE
36189,c10-1100000362,COCA COLA 50CL PET X4X6,,COCA REG,PET,50CL,COCA COLA ENTREPRISE,
36154,c10-1100003709,COCA COLA 1.5L PET X9,,COCA REG,PET,1.5L,COCA COLA ENTREPRISE,COCA COLA ENTREPRISE
36152,c10-1100000956,COCA COLA 1.5L PET X6,,COCA REG,PET,1.5L,COCA COLA ENTREPRISE,COCA COLA ENTREPRISE
36150,c10-1100000263,COCA COLA 1.5L PET X12,,COCA REG,PET,1.5L,COCA COLA ENTREPRISE,COCA COLA ENTREPRISE
36177,c10-1100000391,COCA COLA 33CL BTE X10,,COCA REG,BTE,33CL,COCA COLA ENTREPRISE,
36153,c10-1100003428,COCA COLA 1.5L PET X8,,COCA REG,PET,1.5L,COCA COLA ENTREPRISE,COCA COLA ENTREPRISE
36192,c10-1100001423,COCA COLA CLUB ALU 25CL X24,,COCA REG,BTE,25CL,COCA COLA ENTREPRISE,COCA COLA ENTREPRISE
36149,c10-1100000905,COCA COLA 1.5L PET CONSIGNE X10,,COCA REG,PET,1.5L,COCA COLA ENTREPRISE,COCA COLA ENTREPRISE
36182,c10-1100003997,COCA COLA 33CL BTE X36,,COCA REG,BTE,33CL,COCA COLA ENTREPRISE,
36148,c10-1100000262,COCA COLA 1.25L PET X12,,COCA REG,PET,1.25L,COCA COLA ENTREPRISE,COCA COLA ENTREPRISE
36185,c10-1100007278,COCA COLA 33CL VP X24,,COCA REG,BTL,33CL,COCA COLA ENTREPRISE,
36171,c10-1100000390,COCA COLA 25CL VP X8,,COCA REG,BTL,25CL,COCA COLA ENTREPRISE,
36196,c10-1100002520,COCA COLA SANS CAFEINE 1.5L PET X6,,COCA REG,PET,1.5L,COCA COLA ENTREPRISE,COCA COLA ENTREPRISE
36172,c10-1100000360,COCA COLA 2L PET X2,,COCA REG,PET,2L,COCA COLA ENTREPRISE,
36188,c10-1100000266,COCA COLA 50CL PET X24,,COCA REG,PET,50CL,COCA COLA ENTREPRISE,
36191,c10-1100005341,COCA COLA CLUB ALU 25CL X12,,COCA REG,BTE,25CL,COCA COLA ENTREPRISE,
36193,c10-1100001545,COCA COLA CLUB ALU 25CL X6,,COCA REG,BTL,25CL,COCA COLA ENTREPRISE,
36170,c10-1100001202,COCA COLA 25CL VP X24,,COCA REG,BTL,25CL,COCA COLA ENTREPRISE,
36158,c10-1100007790,COCA COLA 15CL BTE X8 X3,,COCA REG,BTE,15CL,COCA COLA ENTREPRISE,
36168,c10-1100003580,COCA COLA 25CL BTE X24,,COCA REG,BTE,25CL,COCA COLA ENTREPRISE,
36162,c10-1100000261,COCA COLA 1L VC X12,,COCA REG,BTL,1L,COCA COLA ENTREPRISE,
36156,c10-1100001863,COCA COLA 15CL BTE X12,,COCA REG,BTE,15CL,COCA COLA ENTREPRISE,
36167,c10-1100004630,COCA COLA 25CL BTE SLIM X24,84sogge-1830,COCA REG,BTE,25CL,COCA COLA ENTREPRISE,
81933,mp-140446,BTE COCA COLA SLIM 24X 25 CL,84sogge-1830,COCA REG,BTE,25CL,COCA COLA ENTREPRISE,
81918,mp-2752,BIB COCA COLA 19 L,84sogge-896,COCA REG,BIB,19L,COCA COLA ENTREPRISE,
83692,fb-13242,COCA-COLA                        BIB 19L,84sogge-896,COCA REG,BIB,19L,COCA COLA ENTREPRISE,
36159,c10-1100000257,COCA COLA 19L BIB,84sogge-896,COCA REG,BIB,19L,COCA COLA ENTREPRISE,
81949,mp-160652,BTE COCA COLA SLIM 30X33 CL,87sogge-110,COCA REG,BTE,33CL,COCA COLA ENTREPRISE,
36176,c10-1100005253,COCA COLA 33CL BTE SLIM X30,87sogge-110,COCA REG,BTE,33CL,COCA COLA ENTREPRISE,
83718,fb-109247,COCA-COLA SLIM               BTE 24X33CL,87sogge-114,COCA REG,BTE,33CL,COCA COLA ENTREPRISE,
81941,mp-160463,BTE COCA COLA SLIM  24X33 CL,87sogge-114,COCA REG,BTE,33CL,COCA COLA ENTREPRISE,
36175,c10-1100004929,COCA COLA 33CL BTE SLIM X24,87sogge-114,COCA REG,BTE,33CL,COCA COLA ENTREPRISE,
81936,mp-428,BTE COCA COLA 24X33 CL,87sogge-129,COCA REG,BTE,33CL,COCA COLA ENTREPRISE,
36180,c10-1100000258,COCA COLA 33CL BTE X24,87sogge-129,COCA REG,BTE,33CL,COCA COLA ENTREPRISE,
83716,fb-10234,COCA-COLA DA                 BTE 24X33CL,87sogge-129,COCA REG,BTE,33CL,COCA COLA ENTREPRISE,
36184,c10-1100000260,COCA COLA 33CL VC X24,87sogge-131,COCA REG,BTL,33CL,COCA COLA ENTREPRISE,
81919,mp-433,COCA COLA 24X33 CL VC,87sogge-131,COCA REG,BTL,33CL,COCA COLA ENTREPRISE,
83859,fb-10266,COCA-COLA                     VC 24X33CL,87sogge-131,COCA REG,BTL,33CL,COCA COLA ENTREPRISE,
83875,fb-112242,COCA-COLA CLASSIC  IVP           12X25CL,87sogge-132,COCA REG,BTL,25CL,COCA COLA ENTREPRISE,
36169,c10-1100006701,COCA COLA 25CL VP X12,87sogge-132,COCA REG,BTL,25CL,COCA COLA ENTREPRISE,
36199,c10-1100005413,COCA COLA LIGHT SANGO 33CL BTE X24,,COCA SANGO,BTE,33CL,COCA COLA ENTREPRISE,
36200,c10-1100000381,COCA COLA LIGHT SANGO 33CL BTE X6,,COCA SANGO,BTE,33CL,COCA COLA ENTREPRISE,
36198,c10-1100000280,COCA COLA LIGHT SANGO 1.5L PET X12,,COCA SANGO,PET,1.5L,COCA COLA ENTREPRISE,COCA COLA ENTREPRISE
36220,c10-1100004813,COCA COLA ZERO 2L PET X6,,COCA ZERO,PET,2L,COCA COLA ENTREPRISE,
36228,c10-1100000393,COCA COLA ZERO 33CL X10,,COCA ZERO,BTE,33CL,COCA COLA ENTREPRISE,
36217,c10-1100003117,COCA COLA ZERO 25CL VP X24,,COCA ZERO,BTL,25CL,COCA COLA ENTREPRISE,
85639,fb-81241,COCA-COLA ZERO               PET 24X50CL,,COCA ZERO,,,COCA COLA ENTREPRISE,
36225,c10-1100005691,COCA COLA ZERO 33CL BTE X30,,COCA ZERO,BTE,33CL,COCA COLA ENTREPRISE,
81926,mp-22042,VTE FLASH COCA ZERO  24/33C VC,,COCA ZERO,,,COCA COLA ENTREPRISE,
36210,c10-1100000287,COCA COLA ZERO 1L PET X12,,COCA ZERO,PET,1L,COCA COLA ENTREPRISE,
36215,c10-1100003651,COCA COLA ZERO 25CL BTE X24,,COCA ZERO,BTE,25CL,COCA COLA ENTREPRISE,
36204,c10-1100001424,COCA COLA ZERO 1.5L PET X6,,COCA ZERO,PET,1.5L,COCA COLA ENTREPRISE,COCA COLA ENTREPRISE
36211,c10-1100004822,COCA COLA ZERO 1L PET X6,,COCA ZERO,PET,1L,COCA COLA ENTREPRISE,
36206,c10-1100004319,COCA COLA ZERO 1.5L PET X9,,COCA ZERO,PET,1.5L,COCA COLA ENTREPRISE,COCA COLA ENTREPRISE
36223,c10-1100004811,COCA COLA ZERO 33CL BTE X18,,COCA ZERO,BTE,33CL,COCA COLA ENTREPRISE,
36207,c10-1100004007,COCA COLA ZERO 15CL BTE X12,,COCA ZERO,BTE,15CL,COCA COLA ENTREPRISE,
81906,mp-160541,COCA ZERO  PET EURO 1.5L X6,,COCA ZERO,,,COCA COLA ENTREPRISE,
36202,c10-1100000286,COCA COLA ZERO 1.5L PET X12,,COCA ZERO,PET,1.5L,COCA COLA ENTREPRISE,COCA COLA ENTREPRISE
36213,c10-1100007279,COCA COLA ZERO 20CL VP X24,,COCA ZERO,BTL,20CL,COCA COLA ENTREPRISE,
36227,c10-1100002970,COCA COLA ZERO 33CL VP X24,,COCA ZERO,BTL,33CL,COCA COLA ENTREPRISE,
36232,c10-1100005344,COCA COLA ZERO ALU 25CL X12,,COCA ZERO,BTL,25CL,COCA COLA ENTREPRISE,
36208,c10-1100007051,COCA COLA ZERO 15CL BTE X24,,COCA ZERO,BTE,15CL,COCA COLA ENTREPRISE,
36203,c10-1100003120,COCA COLA ZERO 1.5L PET X4,,COCA ZERO,PET,1.5L,COCA COLA ENTREPRISE,COCA COLA ENTREPRISE
36209,c10-1100007791,COCA COLA ZERO 15CL BTE X8 X3,,COCA ZERO,BTE,15CL,COCA COLA ENTREPRISE,
36201,c10-1100000285,COCA COLA ZERO 1.25L PET X12,,COCA ZERO,PET,1.25L,COCA COLA ENTREPRISE,COCA COLA ENTREPRISE
81916,mp-22240,COCA COLA ZERO  PET 12X 150 CL,,COCA ZERO,,,COCA COLA ENTREPRISE,
36219,c10-1100004814,COCA COLA ZERO 25CL VP X8,,COCA ZERO,BTL,25CL,COCA COLA ENTREPRISE,
36205,c10-1100003974,COCA COLA ZERO 1.5L PET X8,,COCA ZERO,PET,1.5L,COCA COLA ENTREPRISE,COCA COLA ENTREPRISE
36218,c10-1100003118,COCA COLA ZERO 25CL VP X6,,COCA ZERO,BTL,25CL,COCA COLA ENTREPRISE,
36212,c10-1100002711,COCA COLA ZERO 20CL VC X24,,COCA ZERO,BTL,20CL,COCA COLA ENTREPRISE,
36231,c10-1100001386,COCA COLA ZERO 5L BIB,84sogge-1045,COCA ZERO,BIB,5L,COCA COLA ENTREPRISE,
81903,mp-260454,BIB COCA COLA ZERO 5 L,84sogge-1045,COCA ZERO,BIB,5L,COCA COLA ENTREPRISE,
83694,fb-95143,COCA-COLA ZERO                    BIB 5L,84sogge-1045,COCA ZERO,BIB,5L,COCA COLA ENTREPRISE,
36221,c10-1100004932,COCA COLA ZERO 33CL BTE SLIM X24,84sogge-1132,COCA ZERO,BTE,33CL,COCA COLA ENTREPRISE,
83720,fb-109249,COCA-COLA ZERO SLIM          BTE 24X33CL,84sogge-1132,COCA ZERO,BTE,33CL,COCA COLA ENTREPRISE,
81943,mp-160465,BTE COCA ZERO SLIM 24 X33 CL,84sogge-1132,COCA ZERO,BTE,33CL,COCA COLA ENTREPRISE,
81911,mp-160438,COCA COLA ZERO PET 12X50 CL,84sogge-1172,COCA ZERO,PET,50CL,COCA COLA ENTREPRISE,
83945,fb-109268,COCA-COLA ZERO               PET 12X50CL,84sogge-1172,COCA ZERO,PET,50CL,COCA COLA ENTREPRISE,
36229,c10-1100000364,COCA COLA ZERO 50CL PET X12,84sogge-1172,COCA ZERO,PET,50CL,COCA COLA ENTREPRISE,
81934,mp-140447,BTE COCA ZERO SLIM 24X 25 CL,84sogge-1664,COCA ZERO,BTE,25CL,COCA COLA ENTREPRISE,
36214,c10-1100004631,COCA COLA ZERO 25CL BTE SLIM X24,84sogge-1664,COCA ZERO,BTE,25CL,COCA COLA ENTREPRISE,
36222,c10-1100005230,COCA COLA ZERO 33CL BTE SLIM X30,84sogge-1710,COCA ZERO,BTE,33CL,COCA COLA ENTREPRISE,
81951,mp-160654,BTE COCA ZERO SLIM 30X33 CL,84sogge-1710,COCA ZERO,BTE,33CL,COCA COLA ENTREPRISE,
36230,c10-1100000288,COCA COLA ZERO 50CL PET X24,84sogge-1867,COCA ZERO,PET,50CL,COCA COLA ENTREPRISE,
81947,mp-6213,COCA COLA ZERO PET 24X50 CL,84sogge-1867,COCA ZERO,PET,50CL,COCA COLA ENTREPRISE,
36224,c10-1100000283,COCA COLA ZERO 33CL BTE X24,84sogge-1868,COCA ZERO,BTE,33CL,COCA COLA ENTREPRISE,
83719,fb-81240,COCA-COLA ZERO DA            BTE 24X33CL,84sogge-1868,COCA ZERO,BTE,33CL,COCA COLA ENTREPRISE,
81939,mp-6212,BTE COCA COLA ZERO 24X33 CL,84sogge-1868,COCA ZERO,BTE,33CL,COCA COLA ENTREPRISE,
81922,mp-6059,COCA COLA ZERO VC 24/33CL VC,87sogge-118,COCA ZERO,BTL,33CL,COCA COLA ENTREPRISE,
83861,fb-82334,COCA-COLA ZERO                VC 24X33CL,87sogge-118,COCA ZERO,BTL,33CL,COCA COLA ENTREPRISE,
36226,c10-1100000284,COCA COLA ZERO 33CL VC X24,87sogge-118,COCA ZERO,BTL,33CL,COCA COLA ENTREPRISE,
83876,fb-112253,COCA-COLA ZERO SUCRES IVP      12X25CL,87sogge-119,COCA ZERO,BTL,25CL,COCA COLA ENTREPRISE,
36216,c10-1100006862,COCA COLA ZERO 25CL VP X12,87sogge-119,COCA ZERO,BTL,25CL,COCA COLA ENTREPRISE,
36282,c10-1100006232,FANTA POMME CERISE 33CL BTE SLIM X24,,FANTA,BTE,33CL,COCA COLA ENTREPRISE,
36281,c10-1100005669,FANTA POMME CERISE 1.5L PET X6,,FANTA,PET,1.5L,COCA COLA ENTREPRISE,COCA COLA ENTREPRISE
36275,c10-1100000374,FANTA ORANGE PET 1.5L X6,,FANTA,PET,1.5L,COCA COLA ENTREPRISE,COCA COLA ENTREPRISE
36243,c10-1100000384,FANTA CITRON FRAPPE BTE 33CL X6,,FANTA,BTE,33CL,COCA COLA ENTREPRISE,
36252,c10-1100002421,FANTA EXOTIQUE 1.5L PET X12,,FANTA,PET,1.5L,COCA COLA ENTREPRISE,COCA COLA ENTREPRISE
36235,c10-1100005664,FANTA CASSIS  1.5L PET X6,,FANTA,PET,1.5L,COCA COLA ENTREPRISE,COCA COLA ENTREPRISE
36260,c10-1100000368,FANTA ORANGE 2L X4,,FANTA,PET,2L,COCA COLA ENTREPRISE,
36262,c10-1100005270,FANTA ORANGE 33CL BTE SLIM X30,,FANTA,BTE,33CL,COCA COLA ENTREPRISE,
36269,c10-1100005376,FANTA ORANGE BTE 33CL X18,,FANTA,BTE,33CL,COCA COLA ENTREPRISE,
36279,c10-1100000301,FANTA ORANGE PET 50CL X24,,FANTA,PET,50CL,COCA COLA ENTREPRISE,
36272,c10-1100005677,FANTA ORANGE BTE 33CL X6,,FANTA,BTE,33CL,COCA COLA ENTREPRISE,
36285,c10-1700000292,TEMP VERRES FANTA,,FANTA,BTL,1L,COCA COLA ENTREPRISE,
36239,c10-1100005469,FANTA CITRON FRAPPE 33CL BTE SLIM X30,,FANTA,BTE,33CL,COCA COLA ENTREPRISE,
36250,c10-1100005663,FANTA EXOT MAN PASSION FRUIT 1.5L PET X6,,FANTA,PET,1.5L,COCA COLA ENTREPRISE,COCA COLA ENTREPRISE
36274,c10-1100000367,FANTA ORANGE PET 1.5L X4,,FANTA,PET,1.5L,COCA COLA ENTREPRISE,COCA COLA ENTREPRISE
36277,c10-1100000300,FANTA ORANGE PET 2L X6,,FANTA,PET,2L,COCA COLA ENTREPRISE,
36236,c10-1100005667,FANTA CITRON ANANAS 1.5L PET X6,,FANTA,PET,1.5L,COCA COLA ENTREPRISE,COCA COLA ENTREPRISE
36268,c10-1100006004,FANTA ORANGE BTE 33CL X12,,FANTA,BTE,33CL,COCA COLA ENTREPRISE,
36257,c10-1100007792,FANTA ORANGE 15CL BTE X8X3,,FANTA,BTE,15CL,COCA COLA ENTREPRISE,
85678,fb-10289,FANTA ORANGE                 PET 24X50CL,,FANTA,,,COCA COLA ENTREPRISE,
36258,c10-1100001897,FANTA ORANGE 1L VC X6,,FANTA,BTL,1L,COCA COLA ENTREPRISE,
36242,c10-1100005331,FANTA CITRON FRAPPE BTE 33CL X30,,FANTA,BTE,33CL,COCA COLA ENTREPRISE,
36255,c10-1100003918,FANTA FRAMBOISE PASSION PET 1.5L X12,,FANTA,PET,1.5L,COCA COLA ENTREPRISE,COCA COLA ENTREPRISE
85677,fb-29747,FANTA CITRON FRAPPE          PET 24X50CL,,FANTA,,,COCA COLA ENTREPRISE,
36245,c10-1100000366,FANTA CITRON FRAPPE PET 1.5L X4,,FANTA,PET,1.5L,COCA COLA ENTREPRISE,COCA COLA ENTREPRISE
36256,c10-1100002590,FANTA ORANGE 15CL BTE X12X2,,FANTA,BTE,15CL,COCA COLA ENTREPRISE,
36251,c10-1100004934,FANTA EXOTI MAN PASSION FRUIT BTE 33CL,,FANTA,BTE,33CL,COCA COLA ENTREPRISE,
36266,c10-1100007781,FANTA ORANGE BTE 25CL X4,,FANTA,BTE,25CL,COCA COLA ENTREPRISE,
36240,c10-1100000290,FANTA CITRON FRAPPE BIB 5L,,FANTA,BIB,5L,COCA COLA ENTREPRISE,
36273,c10-1100000299,FANTA ORANGE PET 1.5L X12,,FANTA,PET,1.5L,COCA COLA ENTREPRISE,COCA COLA ENTREPRISE
36284,c10-1100000371,FANTA ZERO ORANGE 1.5L X4,,FANTA,PET,1.5L,COCA COLA ENTREPRISE,COCA COLA ENTREPRISE
36259,c10-1100002280,FANTA ORANGE 20CL VC X24,,FANTA,BTL,20CL,COCA COLA ENTREPRISE,
36276,c10-1100004348,FANTA ORANGE PET 1.5L X8,,FANTA,PET,1.5L,COCA COLA ENTREPRISE,COCA COLA ENTREPRISE
36237,c10-1100002749,FANTA CITRON FRAPPE 20CL VC X24,,FANTA,BTL,20CL,COCA COLA ENTREPRISE,
36280,c10-1100003917,FANTA PECHE ABRICOT PET 1.5L X12,,FANTA,PET,1.5L,COCA COLA ENTREPRISE,COCA COLA ENTREPRISE
82075,mp-150029,FANTA ORANGE PET 12X150 CL,,FANTA,,,COCA COLA ENTREPRISE,
36283,c10-1100005890,FANTA POMME CERISE 50CL PET X12,,FANTA,PET,50CL,COCA COLA ENTREPRISE,
36234,c10-1100000365,FANTA AGRUMES PET 1.5L X4,,FANTA,PET,1.5L,COCA COLA ENTREPRISE,COCA COLA ENTREPRISE
36271,c10-1100005247,FANTA ORANGE BTE 33CL X30,,FANTA,BTE,33CL,COCA COLA ENTREPRISE,
36233,c10-1100000289,FANTA AGRUMES PET 1.5L X12,,FANTA,PET,1.5L,COCA COLA ENTREPRISE,COCA COLA ENTREPRISE
36267,c10-1100000394,FANTA ORANGE BTE 33CL X10,,FANTA,BTE,33CL,COCA COLA ENTREPRISE,
85679,fb-21961,FANTA ORANGE                PET 12X150CL,,FANTA,,,COCA COLA ENTREPRISE,
36246,c10-1100002855,FANTA CITRON FRAPPE PET 1.5L X6,,FANTA,PET,1.5L,COCA COLA ENTREPRISE,COCA COLA ENTREPRISE
36244,c10-1100000293,FANTA CITRON FRAPPE PET 1.5L X12,,FANTA,PET,1.5L,COCA COLA ENTREPRISE,COCA COLA ENTREPRISE
36254,c10-1100003916,FANTA FRAISE KIWI PET 1.5L X12,,FANTA,PET,1.5L,COCA COLA ENTREPRISE,COCA COLA ENTREPRISE
83723,fb-111255,FANTA EXOTIQUE SLIM          BTE 24X33CL,84sogge-1073,FANTA,BTE,33CL,COCA COLA ENTREPRISE,
36253,c10-1200009279,FANTA EXOTIQUE 33CL BTE SLIM X24,84sogge-1073,FANTA,BTE,33CL,COCA COLA ENTREPRISE,
82068,mp-469,BIB FANTA ORANGE  5 L,84sogge-1102,FANTA,BIB,5L,COCA COLA ENTREPRISE,
83695,fb-10376,FANTA ORANGE                      BIB 5L,84sogge-1102,FANTA,BIB,5L,COCA COLA ENTREPRISE,
36265,c10-1100000296,FANTA ORANGE BIB 5L,84sogge-1102,FANTA,BIB,5L,COCA COLA ENTREPRISE,
36247,c10-1100005092,FANTA CITRON FRAPPE PET 50CL X12,84sogge-1159,FANTA,PET,50CL,COCA COLA ENTREPRISE,
83946,fb-109273,FANTA CITRON FRAPPE          PET 12X50CL,84sogge-1159,FANTA,PET,50CL,COCA COLA ENTREPRISE,
82071,mp-160441,FANTA CITRON FRAPPE PET12X50CL,84sogge-1159,FANTA,PET,50CL,COCA COLA ENTREPRISE,
36238,c10-1100005689,FANTA CITRON FRAPPE 33CL BTE SLIM X24,84sogge-1169,FANTA,BTE,33CL,COCA COLA ENTREPRISE,
83722,fb-109264,FANTA CITRON FRAPPE SLIM     BTE 24X33CL,84sogge-1169,FANTA,BTE,33CL,COCA COLA ENTREPRISE,
83725,fb-109266,FANTA ORANGE SLIM            BTE 24X33CL,84sogge-1170,FANTA,BTE,33CL,COCA COLA ENTREPRISE,
36261,c10-1100004933,FANTA ORANGE 33CL BTE SLIM X24,84sogge-1170,FANTA,BTE,33CL,COCA COLA ENTREPRISE,
36241,c10-1100000291,FANTA CITRON FRAPPE BTE 33CL X24,84sogge-1661,FANTA,BTE,33CL,COCA COLA ENTREPRISE,
82083,mp-150023,BTE FANTA CITRON FRAPPE 24X33C,84sogge-1661,FANTA,BTE,33CL,COCA COLA ENTREPRISE,
82085,mp-1198,FANTA CITRON FRAPPE PET24X50CL,84sogge-1662,FANTA,PET,50CL,COCA COLA ENTREPRISE,
36248,c10-1100000294,FANTA CITRON FRAPPE PET 50CL X24,84sogge-1662,FANTA,PET,50CL,COCA COLA ENTREPRISE,
82070,mp-160440,FANTA ORANGE PET 12X50 CL,84sogge-1718,FANTA,PET,50CL,COCA COLA ENTREPRISE,
36278,c10-1100005085,FANTA ORANGE PET 50CL X12,84sogge-1718,FANTA,PET,50CL,COCA COLA ENTREPRISE,
83947,fb-109272,FANTA ORANGE                 PET 12X50CL,84sogge-1718,FANTA,PET,50CL,COCA COLA ENTREPRISE,
82076,mp-2753,BIB FANTA ORANGE 19 L,84sogge-1996,FANTA,BIB,19L,COCA COLA ENTREPRISE,
36264,c10-1100000295,FANTA ORANGE BIB 19L,84sogge-1996,FANTA,BIB,19L,COCA COLA ENTREPRISE,
83881,fb-62694,FANTA CITRON FRAPPE GC        VP 24X33CL,84sogge-897,FANTA,BTL,33CL,COCA COLA ENTREPRISE,
36249,c10-1100000292,FANTA CITRON FRAPPE VP 33CL X24,84sogge-897,FANTA,BTL,33CL,COCA COLA ENTREPRISE,
82082,mp-8981,FANTA CITRON FRAPPE VP 24X33CL,84sogge-897,FANTA,BTL,33CL,COCA COLA ENTREPRISE,
83882,fb-62693,FANTA ORANGE GC               VP 24X33CL,84sogge-898,FANTA,BTL,33CL,COCA COLA ENTREPRISE,
82081,mp-8980,FANTA ORANGE VP 24X33CL,84sogge-898,FANTA,BTL,33CL,COCA COLA ENTREPRISE,
36263,c10-1100000298,FANTA ORANGE 33CL VP X24,84sogge-898,FANTA,BTL,33CL,COCA COLA ENTREPRISE,
83724,fb-10241,FANTA ORANGE DA             BTE 24X33CL,87sogge-122,FANTA,BTE,33CL,COCA COLA ENTREPRISE,
36270,c10-1100000297,FANTA ORANGE BTE 33CL X24,87sogge-122,FANTA,BTE,33CL,COCA COLA ENTREPRISE,
82078,mp-481,BTE FANTA ORANGE 24X33CL,87sogge-122,FANTA,BTE,33CL,COCA COLA ENTREPRISE,
36287,c10-1100000302,FANTA STILL ORANGE BTE 33CL X24,,FANTA STILL,BTE,33CL,COCA COLA ENTREPRISE,
36288,c10-1100000308,FANTA STILL ORANGE FRUITS ROUGES PET 1.5,,FANTA STILL,PET,1.5L,5L,COCA COLA ENTREPRISE
36286,c10-1100000306,FANTA STILL ORANGE AGRUMES PET 1.5L X6,,FANTA STILL,PET,1.5L,5L,COCA COLA ENTREPRISE
36295,c10-1100000311,FANTA STILL TROPICAL PET 50CL X24,,FANTA STILL,PET,50CL,COCA COLA ENTREPRISE,
36289,c10-1100000304,FANTA STILL ORANGE PET 1.5L X6,,FANTA STILL,PET,1.5L,COCA COLA ENTREPRISE,COCA COLA ENTREPRISE
36293,c10-1100000310,FANTA STILL TROPICAL PET 1.5L X6,,FANTA STILL,PET,1.5L,COCA COLA ENTREPRISE,COCA COLA ENTREPRISE
36292,c10-1100000370,FANTA STILL TROPICAL PET 1.5L X4,,FANTA STILL,PET,1.5L,COCA COLA ENTREPRISE,COCA COLA ENTREPRISE
82074,mp-260095,FANTA STILL TROPICAL PET 12X50,84sogge-1623,FANTA STILL,PET,50CL,COCA COLA ENTREPRISE,
36294,c10-1100004325,FANTA STILL TROPICAL PET 50CL X12,84sogge-1623,FANTA STILL,PET,50CL,COCA COLA ENTREPRISE,
82084,mp-260097,BTE FANTA STILL TROPICAL 24X33,84sogge-1655,FANTA STILL,BTE,33CL,COCA COLA ENTREPRISE,
36291,c10-1100000309,FANTA STILL TROPICAL BTE 33CL X24,84sogge-1655,FANTA STILL,BTE,33CL,COCA COLA ENTREPRISE,
36290,c10-1100000303,FANTA STILL ORANGE PET 50CL X24,86sogge-355,FANTA STILL,PET,50CL,COCA COLA ENTREPRISE,
82073,mp-260094,FANTA STILL ORANGE PET 12X50CL,86sogge-355,FANTA STILL,PET,50CL,COCA COLA ENTREPRISE,
36297,c10-1100000313,FANTA WORLD MEXIQUE PET 1.5L X12,,FANTA WORLD,PET,1.5L,COCA COLA ENTREPRISE,COCA COLA ENTREPRISE
36296,c10-1100000312,FANTA WORLD MEXIQUE BTE 33CL X24,,FANTA WORLD,BTE,33CL,COCA COLA ENTREPRISE,
36302,c10-1100007210,FINLEY CITRON SUREAU 1L PET X6,,FINLEY,PET,1L,COCA COLA ENTREPRISE,
82003,mp-140451,FINLEY ORANGE PET 50CL X 12,,FINLEY,,,COCA COLA ENTREPRISE,
36304,c10-1100005678,FINLEY CITRON SUREAU 25CL BTE X6,,FINLEY,BTE,25CL,COCA COLA ENTREPRISE,
36325,c10-1200045627,FINLEY TONIC BTE 25CL X24,,FINLEY,BTE,25CL,COCA COLA ENTREPRISE,
36308,c10-1100007214,FINLEY MOJITO PET 1L X6,,FINLEY,PET,1L,COCA COLA ENTREPRISE,
36317,c10-1100006222,FINLEY PINA COLADA 1.5L X12,,FINLEY,PET,1.5L,COCA COLA ENTREPRISE,COCA COLA ENTREPRISE
36306,c10-1100005245,FINLEY MOJITO 1.5L X6,,FINLEY,PET,1.5L,COCA COLA ENTREPRISE,COCA COLA ENTREPRISE
36301,c10-1100004427,FINLEY CITRON SUREAU 1.5L PET X6,,FINLEY,PET,1.5L,COCA COLA ENTREPRISE,COCA COLA ENTREPRISE
36298,c10-1100007213,FINLEY AGRUME GRENADE PET 1L X6,,FINLEY,PET,1L,COCA COLA ENTREPRISE,
36320,c10-1100005637,FINLEY ROYALE 25CL BTE X24,,FINLEY,BTE,25CL,COCA COLA ENTREPRISE,
82002,mp-457,BIB FINLEY 5 L,,FINLEY,,,COCA COLA ENTREPRISE,
36323,c10-1100007217,FINLEY SPRITZ PET 1L X6,,FINLEY,PET,1L,COCA COLA ENTREPRISE,
36315,c10-1100005676,FINLEY PAMPLEMOUSSE 25CL BTE X6,,FINLEY,BTE,25CL,COCA COLA ENTREPRISE,
36313,c10-1100004426,FINLEY PAMPL ORANGE SANGUINE PET 1.5L X6,,FINLEY,PET,1.5L,COCA COLA ENTREPRISE,COCA COLA ENTREPRISE
36321,c10-1100005891,FINLEY SPRITZ 1.5L PET X6,,FINLEY,PET,1.5L,COCA COLA ENTREPRISE,COCA COLA ENTREPRISE
36322,c10-1100005636,FINLEY SPRITZ 25CL BTE X24,,FINLEY,BTE,25CL,COCA COLA ENTREPRISE,
36314,c10-1100007212,FINLEY PAMPL ORANGE SANGUINE PET 1L X6,,FINLEY,PET,1L,COCA COLA ENTREPRISE,
36319,c10-1100007216,FINLEY ROYAL PET 1L X6,,FINLEY,PET,1L,COCA COLA ENTREPRISE,
83696,fb-10380,FINLEY TONIC                      BIB 5L,,FINLEY,,,COCA COLA ENTREPRISE,
36299,c10-1200057669,FINLEY AGRUMES 20CL VC X24,,FINLEY,BTL,20CL,COCA COLA ENTREPRISE,
36310,c10-1100007211,FINLEY ORANGE CRANBERRY 1L PET X6,,FINLEY,PET,1L,COCA COLA ENTREPRISE,
82004,mp-140452,FINLEY CITRON PET 50CL X 12,,FINLEY,,,COCA COLA ENTREPRISE,
36300,c10-1100000314,FINLEY BIB 5L,,FINLEY,BIB,5L,COCA COLA ENTREPRISE,
36309,c10-1100005665,FINLEY MOJITO PET 50CL X12,,FINLEY,PET,50CL,COCA COLA ENTREPRISE,
36318,c10-1100007215,FINLEY PINA COLADA PET 1L X6,,FINLEY,PET,1L,COCA COLA ENTREPRISE,
36307,c10-1200045626,FINLEY MOJITO 25CL BTE SLIM X24,84sogge-1089,FINLEY,BTE,25CL,COCA COLA ENTREPRISE,
83708,fb-109764,FINLEY MOJITO SLIM CAN BTE      4X6X25CL,84sogge-1089,FINLEY,BTE,25CL,COCA COLA ENTREPRISE,
82005,mp-150582,FINLEY PAMPLE.ORANGE24X20CL VC,84sogge-1179,FINLEY,BTL,20CL,COCA COLA ENTREPRISE,
36312,c10-1100004320,FINLEY PAMPL ORANGE SANGUINE 20CL VC X24,84sogge-1179,FINLEY,BTL,20CL,COCA COLA ENTREPRISE,
83847,fb-106693,FINLEY PAMPLE ORANGE SANGUINE GC VC24X20,84sogge-1179,FINLEY,BTL,20CL,COCA COLA ENTREPRISE,
82007,mp-140449,BTE FINLEY CITRON 25 CL X 24,84sogge-1577,FINLEY,BTE,25CL,COCA COLA ENTREPRISE,
36303,c10-1100003697,FINLEY CITRON SUREAU 25CL BTE X24,84sogge-1577,FINLEY,BTE,25CL,COCA COLA ENTREPRISE,
36316,c10-1100003512,FINLEY PAMPLEMOUSSE OR SANG 50CL PET X12,84sogge-620,FINLEY,PET,50CL,COCA COLA ENTREPRISE,
83949,fb-103502,FINLEY PAMPL ORANGE SANGUINE 3M PET12X50,84sogge-620,FINLEY,PET,50CL,COCA COLA ENTREPRISE,
36305,c10-1100003511,FINLEY CITRON SUREAU 50CL PET X12,84sogge-621,FINLEY,PET,50CL,COCA COLA ENTREPRISE,
83948,fb-103501,FINLEY CITRON FLEUR DE SUREAU 3MPET12X50,84sogge-621,FINLEY,PET,50CL,COCA COLA ENTREPRISE,
83848,fb-106694,FINLEY TONIC GC              VC 24X20 CL,84sogge-654,FINLEY,BTL,20CL,COCA COLA ENTREPRISE,
36324,c10-1200040970,FINLEY TONIC 20CL VC X24,84sogge-654,FINLEY,BTL,20CL,COCA COLA ENTREPRISE,
82006,mp-150583,FINLEY TONIC 24X20CL VC,84sogge-654,FINLEY,BTL,20CL,COCA COLA ENTREPRISE,
82008,mp-140450,BTE FINLEY ORANGE 25 CL X 24,87sogge-32,FINLEY,BTE,25CL,COCA COLA ENTREPRISE,
36311,c10-1100003696,FINLEY PAMPL OR SANG 25CL BTE SLIM X24,87sogge-32,FINLEY,BTE,25CL,COCA COLA ENTREPRISE,
36329,c10-1100001761,MINUTE MAID LIMON NADA 33CL BTE X24,,FRUIT & NADA,BTE,33CL,COCA COLA ENTREPRISE,
36328,c10-1200020557,MINUTE MAID CITRONNADE 50CL PET X24,,FRUIT & NADA,PET,50CL,COCA COLA ENTREPRISE,
36332,c10-1100002810,MINUTE MAID ORANGE NADA 50CL PET X12,,FRUIT & NADA,PET,50CL,COCA COLA ENTREPRISE,
36327,c10-1100002750,FRUIT & NADA CITRON 50CL PET X12,,FRUIT & NADA,PET,50CL,COCA COLA ENTREPRISE,
36330,c10-1200006089,MINUTE MAID LIMON NADA 50CL PET X12,,FRUIT & NADA,PET,50CL,COCA COLA ENTREPRISE,
36326,c10-1200024914,FRUIT & NADA CITRON 33CL BTE X24,,FRUIT & NADA,BTE,33CL,COCA COLA ENTREPRISE,
36331,c10-1100002811,MINUTE MAID ORANGE NADA 33CL BTE X24,87sogge-46,FRUIT & NADA,BTE,33CL,COCA COLA ENTREPRISE,
84117,fb-10239,MINUTE MAID ORANGE           BTE 24X33CL,87sogge-46,FRUIT & NADA,BTE,33CL,COCA COLA ENTREPRISE,
36333,c10-1100008071,FUZE TEA MANGUE HARMONY 33CL BTE SLIMX24,,FUZE TEA,BTE,33CL,COCA COLA ENTREPRISE,
83908,fb-112948,FUZETEA PECHE GOURMANDE      PET 6X125CL,,FUZE TEA,,,COCA COLA ENTREPRISE,
36335,c10-1100007787,FUZE TEA PECHE 1.25L PET X6,,FUZE TEA,BTL,1.25L,25L,COCA COLA ENTREPRISE
86315,fb-280170,FUZETEA PECHE VP 24X25 CL,,FUZE TEA,,,COCA COLA ENTREPRISE,
83727,fb-112946,FUZETEA TH.VERT MANG.CAMOMIL BTE 24X33CL,,FUZE TEA,,,COCA COLA ENTREPRISE,
83877,fb-112914,FUZETEA PECHE GOURMANDE IVP 24X25CL,84sogge-1523,FUZE TEA,BTL,25CL,COCA COLA ENTREPRISE,
36338,c10-1100007570,FUZE TEA PECHE INTENSE 25CL VP X24,84sogge-1523,FUZE TEA,BTL,25CL,COCA COLA ENTREPRISE,
36336,c10-1100007784,FUZE TEA PECHE 33CL BTE SLIM X24,84sogge-1689,FUZE TEA,BTE,33CL,COCA COLA ENTREPRISE,
83726,fb-112945,FUZETEA PECHE GOURMANDE SLIM BTE 24X33CL,84sogge-1689,FUZE TEA,BTE,33CL,COCA COLA ENTREPRISE,
36337,c10-1100007794,FUZE TEA PECHE BIB 5L,84sogge-1999,FUZE TEA,BIB,5L,COCA COLA ENTREPRISE,
83697,fb-112947,FUZETEA PECHE GOURMANDE           BIB 5L,84sogge-1999,FUZE TEA,BIB,5L,COCA COLA ENTREPRISE,
36339,c10-1100007783,FUZE TEA PECHE INTENSE 40CL PET X12,84sogge-715,FUZE TEA,BTL,40CL,COCA COLA ENTREPRISE,
83934,fb-112949,FUZETEA PECHE GOURMANDE      PET 12X40CL,84sogge-715,FUZE TEA,BTL,40CL,COCA COLA ENTREPRISE,
83935,fb-112950,FUZETEA TH.VERT MANG.CAMOMIL PET 12X40CL,87sogge-44,FUZE TEA,BTL,40CL,COCA COLA ENTREPRISE,
36334,c10-1100007786,FUZE TEA MANGUE HARMONY 40CL PET X12,87sogge-44,FUZE TEA,BTL,40CL,COCA COLA ENTREPRISE,
36343,c10-1100001784,GLACEAU MULTI-V 50CL PET X12,,GLACEAU,PET,50CL,COCA COLA ENTREPRISE,
36341,c10-1100001783,GLACEAU ESSENTIAL 50CL PET X12,,GLACEAU,PET,50CL,COCA COLA ENTREPRISE,
36344,c10-1200007194,GLACEAU POWER C 50CL PET X12,,GLACEAU,PET,50CL,COCA COLA ENTREPRISE,
36340,c10-1100001782,GLACEAU D-FENCE 50CL PET X12,,GLACEAU,PET,50CL,COCA COLA ENTREPRISE,
36342,c10-1100001781,GLACEAU IGNITE 50CL PET X12,,GLACEAU,PET,50CL,COCA COLA ENTREPRISE,
36346,c10-1100002860,GLACEAU SUNSHINE AGRUM GOYA 50CL PET X12,,GLACEAU,PET,50CL,COCA COLA ENTREPRISE,
36345,c10-1100001780,GLACEAU RESTORE 50CL PET X12,,GLACEAU,PET,50CL,COCA COLA ENTREPRISE,
36348,c10-1100006310,HAWAI TROPICAL 33CL BTE SLIM X24,,HAWAI,BTE,33CL,COCA COLA ENTREPRISE,
36347,c10-1100005675,HAWAI 2L PET X6,,HAWAI,PET,2L,COCA COLA ENTREPRISE,
83931,fb-112254,"HONEST CITRON MIEL BIO PET     12X37,5CL",84sogge-548,HONEST,PET,37.5L,COCA COLA ENTREPRISE,COCA COLA ENTREPRISE
36349,c10-1100007002,HONEST CITRON MIEL BIO 37.5CL PET X12,84sogge-548,HONEST,PET,37.5L,COCA COLA ENTREPRISE,COCA COLA ENTREPRISE
36350,c10-1100007003,HONEST GRENADE MYRTIL BIO 37.5CL PET X12,84sogge-549,HONEST,PET,37.5L,COCA COLA ENTREPRISE,COCA COLA ENTREPRISE
83932,fb-112255,"HONEST GRENADE MYRTIL. BIO PET 12X37,5CL",84sogge-549,HONEST,PET,37.5L,COCA COLA ENTREPRISE,COCA COLA ENTREPRISE
36351,c10-1100007004,HONEST ORANGE MANGUE BIO 37.5CL PET X12,84sogge-550,HONEST,PET,37.5L,COCA COLA ENTREPRISE,COCA COLA ENTREPRISE
83933,fb-112256,"HONEST ORANGE MANGUE   BIO PET 12X37,5CL",84sogge-550,HONEST,PET,37.5L,COCA COLA ENTREPRISE,COCA COLA ENTREPRISE
36369,c10-1100000331,MINUTE MAID ABC POMME 20CL VP X24,,MINUTE MAID,BTL,20CL,COCA COLA ENTREPRISE,
36363,c10-1100000321,MINUTE MAID ABC ORANGE BIB 10L,,MINUTE MAID,BIB,10L,COCA COLA ENTREPRISE,
36354,c10-1100000387,MINUTE MAID ABC FRUIT ROUGE 33CL BTE X6,,MINUTE MAID,BTE,33CL,COCA COLA ENTREPRISE,
36359,c10-1100000325,MINUTE MAID ABC ORANGE 20CL VP X24,,MINUTE MAID,BTL,20CL,COCA COLA ENTREPRISE,
36371,c10-1100000386,MINUTE MAID ABC POMME 33CL BTE X6,,MINUTE MAID,BTE,33CL,COCA COLA ENTREPRISE,
82441,mp-251129,M.MAID MULTIVIT. IVC 20CL X24,,MINUTE MAID,,,COCA COLA ENTREPRISE,
36365,c10-1100001833,MINUTE MAID ABC PAMPLEMOUSSE 33CL BTEX24,,MINUTE MAID,BTE,33CL,COCA COLA ENTREPRISE,
36372,c10-1100004687,MINUTE MAID ABC RAISIN 20CL VC X24,,MINUTE MAID,BTL,20CL,COCA COLA ENTREPRISE,
36355,c10-1200009395,MINUTE MAID ABC MULTIFRUITS 33CL PET X24,,MINUTE MAID,PET,33CL,COCA COLA ENTREPRISE,
36381,c10-1100001870,MINUTE MAID NECTAR FRAISE 20CL VC X24,,MINUTE MAID,BTL,20CL,COCA COLA ENTREPRISE,
36386,c10-1100000319,MINUTE MAID SMOOTHIE BANANE CERISE 70CL,,MINUTE MAID,PET,25CL,COCA COLA ENTREPRISE,
36366,c10-1100000328,MINUTE MAID ABC PECHE 20CL VP X24,,MINUTE MAID,BTL,20CL,COCA COLA ENTREPRISE,
36361,c10-1100000385,MINUTE MAID ABC ORANGE 33CL BTE X6,,MINUTE MAID,BTE,33CL,COCA COLA ENTREPRISE,
36357,c10-1100000323,MINUTE MAID ABC ORANGE 20CL BRK X24,,MINUTE MAID,BRK,20CL,COCA COLA ENTREPRISE,
36352,c10-1100001474,MINUTE MAID ABC ACE 20CL VC X24,,MINUTE MAID,BTL,20CL,COCA COLA ENTREPRISE,
36377,c10-1200056099,MINUTE MAID CITRONNADE 5L BIB,,MINUTE MAID,BIB,5L,COCA COLA ENTREPRISE,
36373,c10-1100000332,MINUTE MAID ABC RAISIN 20CL VP X24,,MINUTE MAID,BTL,20CL,COCA COLA ENTREPRISE,
36385,c10-1100000318,MINUTE MAID SMOOTHIE BANANE ANANAS 70CL,,MINUTE MAID,PET,25CL,COCA COLA ENTREPRISE,
84119,fb-81850,MINUTE MAID ROUGE SENSATION  BTE 24X33CL,84sogge-1054,MINUTE MAID,BTE,33CL,COCA COLA ENTREPRISE,
36353,c10-1100000333,MINUTE MAID ABC FRUIT ROUGE 33CL BTE X24,84sogge-1054,MINUTE MAID,BTE,33CL,COCA COLA ENTREPRISE,
82450,mp-250682,BTE M.MAID ROUGE SENS.24X33CL,84sogge-1054,MINUTE MAID,BTE,33CL,COCA COLA ENTREPRISE,
82438,mp-22220,M.MAID ABRICOT  IVC 20CL X24,84sogge-1100,MINUTE MAID,BTL,20CL,COCA COLA ENTREPRISE,
84160,fb-92058,MINUTE MAID ABRICOT GC        VC 24X20CL,84sogge-1100,MINUTE MAID,BTL,20CL,COCA COLA ENTREPRISE,
36378,c10-1100000315,MINUTE MAID NECTAR ABRICOT 20CL VC X24,84sogge-1100,MINUTE MAID,BTL,20CL,COCA COLA ENTREPRISE,
36362,c10-1100000326,MINUTE MAID ABC ORANGE 33CL PET X24,84sogge-1137,MINUTE MAID,PET,33CL,COCA COLA ENTREPRISE,
84266,fb-56720,MINUTE MAID ORANGE           PET 24X33CL,84sogge-1137,MINUTE MAID,PET,33CL,COCA COLA ENTREPRISE,
82449,mp-8684,M.MAID ORANGE PET 24X33 CL,84sogge-1137,MINUTE MAID,PET,33CL,COCA COLA ENTREPRISE,
36383,c10-1100000336,MINUTE MAID NECTAR TROPICAL 33CL BTE X24,84sogge-1161,MINUTE MAID,BTE,33CL,COCA COLA ENTREPRISE,
84120,fb-10752,MINUTE MAID TROPICAL         BTE 24X33CL,84sogge-1161,MINUTE MAID,BTE,33CL,COCA COLA ENTREPRISE,
36379,c10-1100000316,MINUTE MAID NECTAR ANANAS 20CL VC X24,84sogge-1199,MINUTE MAID,BTL,20CL,COCA COLA ENTREPRISE,
84161,fb-90488,MINUTE MAID ANANAS GC        VC 24X20CL,84sogge-1199,MINUTE MAID,BTL,20CL,COCA COLA ENTREPRISE,
82445,mp-250421,BTE M.MAID POMME 15CL X3X8,84sogge-1405,MINUTE MAID,BTE,15CL,COCA COLA ENTREPRISE,
36367,c10-1100003641,MINUTE MAID ABC POMME  15CL BTE X8X3,84sogge-1405,MINUTE MAID,BTE,15CL,COCA COLA ENTREPRISE,
82444,mp-250420,BTE M.MAID ORANGE 15CL X3X8,84sogge-1407,MINUTE MAID,BTE,15CL,COCA COLA ENTREPRISE,
36356,c10-1100003633,MINUTE MAID ABC ORANGE 15CL BTE X8X3,84sogge-1407,MINUTE MAID,BTE,15CL,COCA COLA ENTREPRISE,
36368,c10-1100000330,MINUTE MAID ABC POMME 20CL VC X24,84sogge-1656,MINUTE MAID,BTL,20CL,COCA COLA ENTREPRISE,
84165,fb-90492,MINUTE MAID POMME GC          VC 24X20CL,84sogge-1656,MINUTE MAID,BTL,20CL,COCA COLA ENTREPRISE,
82440,mp-251128,M.MAID POMME IVC 20CL X24,84sogge-1656,MINUTE MAID,BTL,20CL,COCA COLA ENTREPRISE,
36384,c10-1100000388,MINUTE MAID NECTAR TROPICAL 33CL BTE X6,84sogge-1956,MINUTE MAID,BTE,33CL,COCA COLA ENTREPRISE,
82448,mp-2057,BTE M.MAID TROPIC 24X33CL,84sogge-1956,MINUTE MAID,BTE,33CL,COCA COLA ENTREPRISE,
36382,c10-1100000320,MINUTE MAID NECTAR MULTIVITAM 20CL VCX24,84sogge-649,MINUTE MAID,BTL,20CL,COCA COLA ENTREPRISE,
84162,fb-90493,MINUTE MAID MULTIVITAM GC     VC 24X20CL,84sogge-649,MINUTE MAID,BTL,20CL,COCA COLA ENTREPRISE,
36376,c10-1200053078,MINUTE MAID CITRONNADE 50CL PET X12,84sogge-743,MINUTE MAID,PET,50CL,COCA COLA ENTREPRISE,
83953,fb-111994,MINUTE MAID CITRONNADE       PET 12X50CL,84sogge-743,MINUTE MAID,PET,50CL,COCA COLA ENTREPRISE,
84166,fb-90489,MINUTE MAID TOMATE GC         VC 24X20CL,84sogge-758,MINUTE MAID,BTL,20CL,COCA COLA ENTREPRISE,
36374,c10-1100000334,MINUTE MAID ABC TOMATE 20CL VC X24,84sogge-758,MINUTE MAID,BTL,20CL,COCA COLA ENTREPRISE,
36364,c10-1100000327,MINUTE MAID ABC PAMPLEMOUSSE 20CL VC X24,84sogge-781,MINUTE MAID,BTL,20CL,COCA COLA ENTREPRISE,
84164,fb-90491,MINUTE MAID PAMPLEMOUSSE GC   VC 24X20CL,84sogge-781,MINUTE MAID,BTL,20CL,COCA COLA ENTREPRISE,
84163,fb-90490,MINUTE MAID ORANGE GC         VC 24X20CL,84sogge-782,MINUTE MAID,BTL,20CL,COCA COLA ENTREPRISE,
82442,mp-251130,M.MAID ORANGE IVC 20CL X24,84sogge-782,MINUTE MAID,BTL,20CL,COCA COLA ENTREPRISE,
36358,c10-1100000324,MINUTE MAID ABC ORANGE 20CL VC X24,84sogge-782,MINUTE MAID,BTL,20CL,COCA COLA ENTREPRISE,
82447,mp-663,BTE M.MAID POMME 24X33 CL,84sogge-985,MINUTE MAID,BTE,33CL,COCA COLA ENTREPRISE,
84118,fb-10238,MINUTE MAID POMME            BTE 24X33CL,84sogge-985,MINUTE MAID,BTE,33CL,COCA COLA ENTREPRISE,
36370,c10-1100000329,MINUTE MAID ABC POMME 33CL BTE X24,84sogge-985,MINUTE MAID,BTE,33CL,COCA COLA ENTREPRISE,
82439,mp-251127,M.MAID TOMATE IVC 20CL X24,86sogge-405,MINUTE MAID,BTL,20CL,COCA COLA ENTREPRISE,
36375,c10-1100000335,MINUTE MAID ABC TOMATE 20CL VP X24,86sogge-405,MINUTE MAID,BTL,20CL,COCA COLA ENTREPRISE,
82443,mp-251132,M.MAID ANANAS IVC 20CL X24,86sogge-414,MINUTE MAID,BTL,20CL,COCA COLA ENTREPRISE,
36380,c10-1100000317,MINUTE MAID NECTAR ANANAS 20CL VP X24,86sogge-414,MINUTE MAID,BTL,20CL,COCA COLA ENTREPRISE,
36360,c10-1100000322,MINUTE MAID ABC ORANGE 33CL BTE X24,87sogge-47,MINUTE MAID,BTE,33CL,COCA COLA ENTREPRISE,
82446,mp-662,BTE M.MAID ORANGE 24X33CL,87sogge-47,MINUTE MAID,BTE,33CL,COCA COLA ENTREPRISE,
85742,fb-103978,MONSTER ORIGINAL ENERGY         BTE24X25,,MONSTER,,,COCA COLA ENTREPRISE,
36396,c10-1100005893,MONSTER ENERGY PUNCH BTE 50CL X12,,MONSTER,BTE,50CL,COCA COLA ENTREPRISE,
36409,c10-1100001171,MONSTER RIPPER BTE 50CL X12,,MONSTER,BTE,50CL,COCA COLA ENTREPRISE,
36411,c10-1100005642,MONSTER ULTRA SUNRISE BTE 50CL X12,,MONSTER,BTE,50CL,COCA COLA ENTREPRISE,
36407,c10-1100000340,MONSTER LO-CARB BTE 50CL X24,,MONSTER,BTE,50CL,COCA COLA ENTREPRISE,
36408,c10-1100004100,MONSTER REHAB BTE 50CL X12,,MONSTER,BTE,50CL,COCA COLA ENTREPRISE,
85741,fb-103975,MONSTER ORIGINAL ENERGY         BTE12X50,,MONSTER,,,COCA COLA ENTREPRISE,
36412,c10-1100003919,MONSTER ULTRA ZERO 50CL BTE X12,,MONSTER,BTE,50CL,COCA COLA ENTREPRISE,
36399,c10-1100005892,MONSTER ENERGY THE DOCTOR BTE 50CL X12,,MONSTER,BTE,50CL,COCA COLA ENTREPRISE,
36406,c10-1100001740,MONSTER LO-CARB BTE 50CL X12,,MONSTER,BTE,50CL,COCA COLA ENTREPRISE,
36392,c10-1100001170,MONSTER ENERGY BTE 50CL X12,,MONSTER,BTE,50CL,COCA COLA ENTREPRISE,
36387,c10-1100002991,MONSTER ASSAUT 50CL BTE X12,,MONSTER,BTE,50CL,COCA COLA ENTREPRISE,
36388,c10-1100002160,MONSTER ASSAUT 50CL BTE X24,,MONSTER,BTE,50CL,COCA COLA ENTREPRISE,
36400,c10-1100004745,MONSTER ENERGY THE DOCTOR BTE 50CL X24,,MONSTER,BTE,50CL,COCA COLA ENTREPRISE,
36404,c10-1100000339,MONSTER KHAOS BTE 50CL X24,,MONSTER,BTE,50CL,COCA COLA ENTREPRISE,
36394,c10-1100007782,MONSTER ENERGY BTE 50CL X4x6,,MONSTER,BTE,50CL,COCA COLA ENTREPRISE,
36395,c10-1100005513,MONSTER ENERGY BTE 55.3CL REFERMABLE,,MONSTER,BTE,55.3CL,3CL,COCA COLA ENTREPRISE
36413,c10-1100006442,MONSTER ULTRA ZERO 50CL BTE X24,,MONSTER,BTE,50CL,COCA COLA ENTREPRISE,
85740,fb-103956,"MONSTER ENERGY DRINK 35,5CL",,MONSTER,,,COCA COLA ENTREPRISE,
82098,mp-33250,BOITE MONSTER ENERGY 24X25CL,,MONSTER,,,COCA COLA ENTREPRISE,
82121,mp-140453,BOITE MONSTER ENERGY 24X25CL,,MONSTER,,,COCA COLA ENTREPRISE,
36405,c10-1100007886,MONSTER LEWIS HAMILTON 50CL BTE X12,,MONSTER,BTE,50CL,COCA COLA ENTREPRISE,
82122,mp-260556,BOITE MONSTER ENERGY 24X25CL,,MONSTER,,,COCA COLA ENTREPRISE,
36398,c10-1100000338,MONSTER ENERGY SHOT PET 9CL X54,,MONSTER,PET,9CL,COCA COLA ENTREPRISE,
36402,c10-1100005512,MONSTER ENERGY ULTRA RED  BTE 50CL X24,,MONSTER,BTE,50CL,COCA COLA ENTREPRISE,
36391,c10-1100001556,MONSTER ENERGY BTE 25CL X24,,MONSTER,BTE,25CL,COCA COLA ENTREPRISE,
36390,c10-1100006973,MONSTER ENERGY BTE  35.5CL X24,,MONSTER,BTE,35.5CL,5CL,COCA COLA ENTREPRISE
85743,fb-106665,MONSTER ROSSI                BTE 24X50CL,,MONSTER,,,COCA COLA ENTREPRISE,
36393,c10-1100000337,MONSTER ENERGY BTE 50CL X24,,MONSTER,BTE,50CL,COCA COLA ENTREPRISE,
36397,c10-1100005511,MONSTER ENERGY PUNCH BTE 50CL X24,,MONSTER,BTE,50CL,COCA COLA ENTREPRISE,
36401,c10-1100005895,MONSTER ENERGY ULTRA RED  BTE 50CL X12,,MONSTER,BTE,50CL,COCA COLA ENTREPRISE,
36410,c10-1100000341,MONSTER RIPPER BTE 50CL X24,,MONSTER,BTE,50CL,COCA COLA ENTREPRISE,
36389,c10-1100005560,MONSTER ENERGY BTE  35.5CL X12,84sogge-1666,MONSTER,BTE,35.5CL,COCA COLA ENTREPRISE,COCA COLA ENTREPRISE
83753,fb-110778,"MONSTER ORIGINAL ENERGY     BTE12X35,5CL",84sogge-1666,MONSTER,BTE,35.5CL,COCA COLA ENTREPRISE,COCA COLA ENTREPRISE
83754,fb-110769,"MONSTER ULTRA ZERO          BTE12X35,5CL",84sogge-544,MONSTER,BTE,35.5CL,COCA COLA ENTREPRISE,COCA COLA ENTREPRISE
36403,c10-1100005561,MONSTER ENERGY ULTRA ZERO BTE 35.5CL X12,84sogge-544,MONSTER,BTE,35.5CL,COCA COLA ENTREPRISE,COCA COLA ENTREPRISE
36421,c10-1100001987,NESTEA MANGUE ANANAS 33CL BTE X24,,NESTEA,BTE,33CL,COCA COLA ENTREPRISE,
36417,c10-1100005673,NESTEA EVASION AU SOLEIL 1L PET  X6,,NESTEA,PET,1L,COCA COLA ENTREPRISE,
36434,c10-1100001853,NESTEA TONICITHE GINSENG 50CL PET X12,,NESTEA,PET,50CL,COCA COLA ENTREPRISE,
36433,c10-1100002852,NESTEA TONICITHE GINSENG 33CL BTE X24,,NESTEA,BTE,33CL,COCA COLA ENTREPRISE,
36422,c10-1100001965,NESTEA MANGUE ANANAS 50CL PET X12,,NESTEA,PET,50CL,COCA COLA ENTREPRISE,
36424,c10-1200015492,NESTEA PECHE BLANCHE 25CL VC X24,,NESTEA,BTL,25CL,COCA COLA ENTREPRISE,
36420,c10-1100002851,NESTEA FRAMBOISE 33CL BTE X24,,NESTEA,BTE,33CL,COCA COLA ENTREPRISE,
36429,c10-1100003274,NESTEA PECHE BLANCHE PET 1.5L X12,,NESTEA,PET,1.5L,5L,COCA COLA ENTREPRISE
36419,c10-1100005671,NESTEA EVASION ORIENTALE 1L PET  X6,,NESTEA,PET,1L,COCA COLA ENTREPRISE,
36427,c10-1100004810,NESTEA PECHE BLANCHE BIB 19L,,NESTEA,BIB,19L,COCA COLA ENTREPRISE,
36426,c10-1100005679,NESTEA PECHE BLANCHE 33CL BTE X6,,NESTEA,BTE,33CL,COCA COLA ENTREPRISE,
36414,c10-1100007050,NESTEA CITRON 1.5L PET X6,,NESTEA,PET,1.5L,5L,COCA COLA ENTREPRISE
36418,c10-1100005409,NESTEA EVASION ORIENTAL  50CL PET X12,,NESTEA,PET,50CL,COCA COLA ENTREPRISE,
83265,mp-260326,NESTEA PECHE  BLC 24X20 CL VC,84sogge-1119,NESTEA,BTL,20CL,COCA COLA ENTREPRISE,
36423,c10-1100001836,NESTEA PECHE 20CL VC X24,84sogge-1119,NESTEA,BTL,20CL,COCA COLA ENTREPRISE,
83849,fb-97816,NESTEA PECHE BLANCHE GC       VC 24X20CL,84sogge-1119,NESTEA,BTL,20CL,COCA COLA ENTREPRISE,
36430,c10-1100000345,NESTEA PECHE BLANCHE PET 1.5L X6,84sogge-1146,NESTEA,PET,1.5L,5L,COCA COLA ENTREPRISE
83915,fb-48034,NESTEA PECHE BLANCHE         PET 6X150CL,84sogge-1146,NESTEA,PET,1.5L,5L,COCA COLA ENTREPRISE
83267,mp-6633,NESTEA PECHE VP 24X25 CL,84sogge-1709,NESTEA,BTL,25CL,COCA COLA ENTREPRISE,
36432,c10-1100000344,NESTEA PECHE BLANCHE VP 25CL X24,84sogge-1709,NESTEA,BTL,25CL,COCA COLA ENTREPRISE,
36428,c10-1100000342,NESTEA PECHE BLANCHE BIB 5L,84sogge-698,NESTEA,BIB,5L,COCA COLA ENTREPRISE,
83699,fb-12478,NESTEA PECHE                      BIB 5L,84sogge-698,NESTEA,BIB,5L,COCA COLA ENTREPRISE,
83263,mp-474,BIB NESTEA PECHE 5 L,84sogge-698,NESTEA,BIB,5L,COCA COLA ENTREPRISE,
36416,c10-1100003921,NESTEA CITRON 50CL PET X12,84sogge-871,NESTEA,PET,50CL,COCA COLA ENTREPRISE,
83954,fb-10582,NESTEA CITRON                PET 12X50CL,84sogge-871,NESTEA,PET,50CL,COCA COLA ENTREPRISE,
83734,fb-100674,NESTEA CITRON                BTE 24X33CL,84sogge-886,NESTEA,BTE,33CL,COCA COLA ENTREPRISE,
36415,c10-1100002812,NESTEA CITRON 33CL BTE X24,84sogge-886,NESTEA,BTE,33CL,COCA COLA ENTREPRISE,
83735,fb-10292,NESTEA PECHE BLANCHE         BTE 24X33CL,84sogge-938,NESTEA,BTE,33CL,COCA COLA ENTREPRISE,
83268,mp-485,BTE NESTEA PECHE 24X33 CL,84sogge-938,NESTEA,BTE,33CL,COCA COLA ENTREPRISE,
36425,c10-1100000343,NESTEA PECHE BLANCHE 33CL BTE X24,84sogge-938,NESTEA,BTE,33CL,COCA COLA ENTREPRISE,
83955,fb-32620,NESTEA PECHE BLANCHE         PET 12X50CL,86sogge-223,NESTEA,PET,50CL,COCA COLA ENTREPRISE,
83264,mp-6686,NESTEA PECHE PET 12X50 CL,86sogge-223,NESTEA,PET,50CL,COCA COLA ENTREPRISE,
36431,c10-1100000346,NESTEA PECHE BLANCHE PET 50CL X12,86sogge-223,NESTEA,PET,50CL,COCA COLA ENTREPRISE,
36448,c10-1100007219,OCEAN SPRAY CRANBERRY MYRTILLE PET 1.25L,,OCEAN SPRAY,PET,1.25L,25L,COCA COLA ENTREPRISE
36438,c10-1100006663,OCEAN SPRAY CRANBERRY CLASSIC PET 1.25L,,OCEAN SPRAY,PET,1.25L,25L,COCA COLA ENTREPRISE
36445,c10-1100003388,OCEAN SPRAY CRANBERRY LIGHT PET 1L X6,,OCEAN SPRAY,PET,1L,COCA COLA ENTREPRISE,
36439,c10-1100000359,OCEAN SPRAY CRANBERRY CLASSIC PET 1L X6,,OCEAN SPRAY,PET,1L,COCA COLA ENTREPRISE,
36447,c10-1100005668,OCEAN SPRAY CRANBERRY MYRTILLE 1L PET X6,,OCEAN SPRAY,PET,1L,COCA COLA ENTREPRISE,
36436,c10-1100007793,OCEAN SPRAY CRANBERRY CLASS 25CL PET X4,,OCEAN SPRAY,PET,25CL,COCA COLA ENTREPRISE,
36444,c10-1100007218,OCEAN SPRAY CRANBERRY LIGHT PET 1.25L,,OCEAN SPRAY,PET,1.25L,25L,COCA COLA ENTREPRISE
36442,c10-1100005672,OCEAN SPRAY CRANBERRY GRENADE 1L PET X6,,OCEAN SPRAY,PET,1L,COCA COLA ENTREPRISE,
36446,c10-1100007222,OCEAN SPRAY CRANBERRY LIME PET 1.25L,,OCEAN SPRAY,PET,1.25L,25L,COCA COLA ENTREPRISE
36443,c10-1100007221,OCEAN SPRAY CRANBERRY GRENADE PET 1.25L,,OCEAN SPRAY,PET,1.25L,25L,COCA COLA ENTREPRISE
36435,c10-1100005896,OCEAN SPRAY CRANB CLASSIC PET 33CL X 12,,OCEAN SPRAY,PET,33CL,COCA COLA ENTREPRISE,
36437,c10-1100005670,OCEAN SPRAY CRANBERRY CLASSIC 33CL PETX8,,OCEAN SPRAY,PET,33CL,COCA COLA ENTREPRISE,
36440,c10-1100007220,OCEAN SPRAY CRANBERRY FRAMB PET 1.25L,,OCEAN SPRAY,PET,1.25L,25L,COCA COLA ENTREPRISE
36441,c10-1100005674,OCEAN SPRAY CRANBERRY FRAMBO 1L PET X6,,OCEAN SPRAY,PET,1L,COCA COLA ENTREPRISE,
82131,mp-260107,POWERADE CHERRY PET 12X50CL,,POWERADE,,,COCA COLA ENTREPRISE,
36454,c10-1100000352,POWERADE ICE STORM POCHE 33CL X12,,POWERADE,SAC,33CL,COCA COLA ENTREPRISE,
82128,mp-7893,POWERADE CITRUS PET 12X50CL,,POWERADE,,,COCA COLA ENTREPRISE,
36449,c10-1100000347,POWERADE AQUA+ PET 50CL X12,,POWERADE,PET,50CL,COCA COLA ENTREPRISE,
36455,c10-1100007260,POWERADE MOUNTAIN BLAST PET 50CL X12,,POWERADE,PET,50CL,COCA COLA ENTREPRISE,
36451,c10-1100000349,POWERADE GOUT CITRON PET 50CL X12,84sogge-1148,POWERADE,PET,50CL,COCA COLA ENTREPRISE,
83963,fb-46995,POWERADE GOUT CITRON         PET 12X50CL,84sogge-1148,POWERADE,PET,50CL,COCA COLA ENTREPRISE,
83964,fb-46994,POWERADE ICE STORM           PET 12X50CL,84sogge-1149,POWERADE,PET,50CL,COCA COLA ENTREPRISE,
82129,mp-7894,POWERADE ICE STORM PET 12X50CL,84sogge-1149,POWERADE,PET,50CL,COCA COLA ENTREPRISE,
36453,c10-1100000351,POWERADE ICE STORM PET 50CL X12,84sogge-1149,POWERADE,PET,50CL,COCA COLA ENTREPRISE,
36452,c10-1100000350,POWERADE GOUT ORANGE PET 50CL X12,84sogge-1649,POWERADE,PET,50CL,COCA COLA ENTREPRISE,
82130,mp-9983,POWERADE ORANGE DUNK PET 12/50,84sogge-1649,POWERADE,PET,50CL,COCA COLA ENTREPRISE,
36450,c10-1100000348,POWERADE GOUT CERISE PET 50CL X12,84sogge-753,POWERADE,PET,50CL,COCA COLA ENTREPRISE,
83962,fb-63088,POWERADE GOUT CERISE         PET 12X50CL,84sogge-753,POWERADE,PET,50CL,COCA COLA ENTREPRISE,
82077,mp-2754,BIB SPRITE 19 L,,SPRITE,,,COCA COLA ENTREPRISE,
36460,c10-1100005338,SPRITE 33CL BTE SLIM X30,,SPRITE,BTE,33CL,COCA COLA ENTREPRISE,
36464,c10-1100000354,SPRITE BIB 5L,,SPRITE,BIB,5L,COCA COLA ENTREPRISE,
36469,c10-1100007240,SPRITE PET 1.25L X12,,SPRITE,PET,1.25L,25L,COCA COLA ENTREPRISE
36473,c10-1100000373,SPRITE ZERO 1.5L X4,,SPRITE,PET,1.5L,5L,COCA COLA ENTREPRISE
36458,c10-1100002284,SPRITE 20CL VC X24,,SPRITE,BTL,20CL,COCA COLA ENTREPRISE,
36472,c10-1100000358,SPRITE PET 50CL X24,,SPRITE,PET,50CL,COCA COLA ENTREPRISE,
82080,mp-6231,SPRITE IVP 24/33 CL,,SPRITE,,,COCA COLA ENTREPRISE,
36463,c10-1100000353,SPRITE BIB 19L,,SPRITE,BIB,19L,COCA COLA ENTREPRISE,
36467,c10-1200049584,SPRITE MENTHE  1.5L PET X6,,SPRITE,PET,1.5L,5L,COCA COLA ENTREPRISE
86030,fb-10179,SPRITE                       PET 24X50CL,,SPRITE,,,COCA COLA ENTREPRISE,
86031,fb-15658,SPRITE                      PET 12X150CL,,SPRITE,,,COCA COLA ENTREPRISE,
36457,c10-1100000372,SPRITE 1.5L X4,,SPRITE,PET,1.5L,5L,COCA COLA ENTREPRISE
36470,c10-1100000357,SPRITE PET 1.5L X12,,SPRITE,PET,1.5L,5L,COCA COLA ENTREPRISE
36474,c10-1700000291,TEMP VERRES SPRITE,,SPRITE,BTL,1L,COCA COLA ENTREPRISE,
36456,c10-1200006920,SPRITE 1.5L PET X6,,SPRITE,PET,1.5L,5L,COCA COLA ENTREPRISE
82069,mp-477,BIB SPRITE 5 L,,SPRITE,,,COCA COLA ENTREPRISE,
36468,c10-1100006233,SPRITE MENTHE 33CL BTE SLIM X24,,SPRITE,BTE,33CL,COCA COLA ENTREPRISE,
36461,c10-1100003407,SPRITE 33CL VC X24,,SPRITE,BTL,33CL,COCA COLA ENTREPRISE,
83707,fb-10379,SPRITE                            BIB 5L,,SPRITE,,,COCA COLA ENTREPRISE,
36466,c10-1100000389,SPRITE BTE 33CL X6,,SPRITE,BTE,33CL,COCA COLA ENTREPRISE,
83972,fb-109274,SPRITE                       PET 12X50CL,84sogge-1158,SPRITE,PET,50CL,COCA COLA ENTREPRISE,
82072,mp-160442,SPRITE PET 12 X 50 CL,84sogge-1158,SPRITE,PET,50CL,COCA COLA ENTREPRISE,
36471,c10-1100005150,SPRITE PET 50CL X12,84sogge-1158,SPRITE,PET,50CL,COCA COLA ENTREPRISE,
36462,c10-1100000356,SPRITE 33CL VP X24,84sogge-1253,SPRITE,BTL,33CL,COCA COLA ENTREPRISE,
83884,fb-81252,SPRITE GC                    VP 24X33CL,84sogge-1253,SPRITE,BTL,33CL,COCA COLA ENTREPRISE,
82079,mp-488,BTE SPRITE 24X33 CL,87sogge-123,SPRITE,BTE,33CL,COCA COLA ENTREPRISE,
36459,c10-1100004935,SPRITE 33CL BTE SLIM X24,87sogge-123,SPRITE,BTE,33CL,COCA COLA ENTREPRISE,
83750,fb-109267,SPRITE SLIM                  BTE 24X33CL,87sogge-123,SPRITE,BTE,33CL,COCA COLA ENTREPRISE,
36465,c10-1100000355,SPRITE BTE 33CL X24,87sogge-135,SPRITE,BTE,33CL,COCA COLA ENTREPRISE,
83749,fb-10231,SPRITE DA                    BTE 24X33CL,87sogge-135,SPRITE,BTE,33CL,COCA COLA ENTREPRISE,
